compound_id,subset
PostEra-MAT-POS-853c0ffa-22,train
ZINC1490366,train
GoStar-gvk_125163396,train
PostEra-RAL-MED-2de63afb-14,train
6573067,train
GoStar-gvk_125468733,train
emolecules-43427903,train
GoStar-gvk_125485529,train
PostEra-EDJ-MED-ede277f6-12,train
PostEra-MAT-POS-9ff17035-3,train
PostEra-MAT-POS-4223bc15-15,train
ZINC57378,train
Z16927049,train
PostEra-MAT-POS-7ddaf7de-4,train
emolecules-46530720,train
GoStar-gvk_125547059,train
PostEra-MAT-POS-61f37a1a-6,train
PostEra-MAT-POS-ee51dedd-2,train
ZINC68201066,train
PostEra-MAT-POS-f42f3716-3,train
CHEMBL429,train
GoStar-gvk_125468627,train
GoStar-gvk_125369317,train
CHEMBL105712,train
Kneller-HL-3-70,train
enamine-Z201374712,train
PostEra-EDJ-MED-37aac4bd-2,train
PostEra-MAT-POS-96f51285-2,train
PostEra-EDJ-MED-ee07cf00-4,train
24437634,train
CHEMBL504548,train
PostEra-NIR-THE-c331be7a-6,train
PostEra-CHO-MSK-6e55470f-7,train
CHEMBL4297598,train
GoStar-gvk_125437423,train
emolecules-7021832,train
ZINC33972842,train
PostEra-ALP-POS-88a7a97e-4,train
CHEMBL1651524,train
PostEra-JIN-POS-6dc588a4-14,train
1812803,train
CHEMBL2092942,train
CHEMBL4303432,train
Z96583628,train
PostEra-MAT-POS-90fd5f68-19,train
PostEra-ALP-POS-ecbed2ba-1,train
PostEra-DAR-DIA-0587064e-15,train
GoStar-gvk_125563877,train
CHEMBL542541,train
GoStar-gvk_125493411,train
GoStar-gvk_125563825,train
PostEra-MAT-POS-dd1fff26-2,train
world_drugs-ZINC000038141705,train
CHEMBL488755,train
CHEMBL1209885,train
GoStar-gvk_125485520,train
GoStar-gvk_125563820,train
PostEra-GIA-UNK-a79af1bc-1,train
PostEra-MAT-POS-c88128cb-15,train
GoStar-gvk_125564018,train
PostEra-ALP-POS-6f6ae286-3,train
PostEra-EDJ-MED-be9e6f63-3,train
emolecules-104670064,train
chembl-CHEMBL1236180,train
ZINC140482,train
PostEra-ALP-POS-ecbed2ba-20,train
PostEra-MAT-POS-a3f7f96a-1,train
GoStar-gvk_125468491,train
enamine-Z1889478593,train
PostEra-EDJ-MED-43f8f7d6-6,train
CHEMBL3785491,train
PostEra-RAL-THA-2d450e86-1,train
emolecules-6739505,train
GoStar-gvk_125563831,train
GoStar-gvk_125563948,train
GoStar-gvk_125563809,train
GoStar-gvk_125547024,train
other-GC-376,train
GoStar-gvk_124987270,train
enamine-PV-001844192181,train
PostEra-KAD-UNI-80f122c8-3,train
PostEra-MAT-POS-14f31916-1,train
GoStar-gvk_125563986,train
CHEMBL3186128,train
CHEMBL4094679,train
GoStar-gvk_125436204,train
GoStar-gvk_125564054,train
CHEMBL507122,train
ZINC3870891,train
GoStar-gvk_125563801,train
GoStar-gvk_125468592,train
CHEMBL193,train
PostEra-RAL-THA-8416115c-1,train
PostEra-MAT-POS-983b399a-3,train
ZINC630739,train
GoStar-gvk_125564067,train
GoStar-gvk_125468936,train
PostEra-MAT-POS-4223bc15-37,train
GoStar-gvk_125563975,train
CHEMBL1947204,train
GoStar-gvk_125391773,train
PostEra-MAT-POS-c74bc7b3-1,train
world_drugs-ZINC000204073689,train
world_drugs-ZINC000003784182,train
ZINC7563,train
PostEra-DAR-DIA-fb20be43-7,train
GoStar-gvk_125563882,train
PostEra-EDJ-MED-611d11e7-6,train
PostEra-PET-UNK-2c6614b6-5,train
ZINC3821234,train
CHEMBL1201155,train
PostEra-MAT-POS-8293a91a-6,train
GoStar-gvk_124981495,train
CHEMBL566136,train
ZINC8253943,train
PostEra-ALP-POS-ecbed2ba-15,train
emolecules-42763940,train
emolecules-68836039,train
GoStar-gvk_125564040,train
emolecules-313177428,train
enamine-Z29999264,train
GoStar-gvk_125468576,train
GoStar-gvk_125564001,train
CHEMBL516312,train
ZINC3986746,train
ZINC1482010,train
GoStar-gvk_125468660,train
PostEra-MAT-POS-90fd5f68-4,train
PostEra-RAL-THA-2d450e86-14,train
PostEra-LON-WEI-8f408cad-2,train
GoStar-gvk_125392077,train
GoStar-gvk_125485605,train
6594469,train
GoStar-gvk_125563796,train
enamine-Z1913108330,train
GoStar-gvk_125563983,train
emolecules-313835315,train
GoStar-gvk_125509640,train
CHEMBL388590,train
ZINC3874496,train
GoStar-gvk_125563907,train
PostEra-MAT-POS-777f5926-1,train
Kitamura-26,train
PostEra-BEN-DND-7e92b6ca-12,train
emolecules-25349750,train
world_drugs-ZINC000084441937,train
GoStar-gvk_125563929,train
PostEra-JAN-GHE-5a013bed-2,train
GoStar-gvk_125563952,train
ZINC595364,train
CHEMBL3188944,train
CHEMBL216504,train
PostEra-EDJ-MED-b7309adf-2,train
CHEMBL1362780,train
GoStar-gvk_125468773,train
PostEra-ALP-POS-ce760d3f-3,train
PostEra-ALP-POS-88a7a97e-30,train
GoStar-gvk_125468649,train
GoStar-gvk_125468761,train
PostEra-EDJ-MED-e69ed63d-1,train
PostEra-LON-WEI-adc59df6-47,train
2943672,train
GoStar-gvk_124987343,train
CHEMBL246078,train
ZINC72190123,train
43756189,train
GoStar-gvk_125493419,train
PostEra-BEN-DND-f2e727cd-5,train
GoStar-gvk_125564057,train
PostEra-ALP-POS-6d04362c-5,train
CHEMBL2106360,train
PostEra-ERI-UCB-ce40166b-17,train
emolecules-43738810,train
CHEMBL4303596,train
GoStar-gvk_125485568,train
Z92056976,train
CHEMBL289356,train
GoStar-gvk_125391951,train
PostEra-PET-UNK-8df914d1-2,train
PostEra-ALP-POS-d2866bdf-1,train
GoStar-gvk_125547036,train
enamine-Z48389099,train
PostEra-MAT-POS-af1eef35-2,train
20620299,train
PostEra-MAT-POS-fb82b63d-1,train
PostEra-ALP-POS-88a7a97e-19,train
GoStar-gvk_125564078,train
PostEra-BRU-THA-92256091-16,train
Z759414844,train
PostEra-UNK-CYC-68f84b31-67,train
PostEra-ALP-POS-95f71980-28,train
ZINC37866151,train
GoStar-gvk_125436294,train
enamine-PV-001938074952,train
CHEMBL1256832,train
emolecules-25233264,train
PostEra-MAT-POS-be048f2c-6,train
enamine-Z1941848597,train
CHEMBL4303365,train
171966708,train
GoStar-gvk_125468645,train
PostEra-ALP-POS-02c6a514-53,train
enamine-Z3630299723,train
PostEra-MAT-POS-29385cc1-4,train
PostEra-EDG-MED-971238d3-1,train
CHEMBL2110900,train
world_drugs-ZINC000003819392,train
emolecules-104668506,train
GoStar-gvk_125436366,train
emolecules-6990892,train
GoStar-gvk_125485608,train
ZINC3873822,train
GoStar-gvk_125485606,train
GoStar-gvk_125563965,train
CHEMBL2070615,train
PostEra-DAV-CRI-14a23e73-1,train
ZINC52716421,train
GoStar-gvk_125563797,train
PostEra-MAT-POS-853c0ffa-15,train
GoStar-gvk_125563946,train
GoStar-gvk_125468968,train
GoStar-gvk_125392052,train
GoStar-gvk_125563912,train
emolecules-1879718,train
PostEra-BEN-DND-4f474d93-2,train
ZINC581684,train
CHEMBL9666,train
CHEMBL276832,train
CHEMBL1083385,train
GoStar-gvk_125485604,train
PostEra-MAT-POS-22373164-4,train
enamine-PV-001916729968,train
PostEra-WAR-XCH-79d12f6e-6,train
Z1725913293,train
GoStar-gvk_125468866,train
PostEra-EDJ-MED-b6c6ee2b-3,train
PostEra-MAT-POS-a5ef2d74-2,train
GoStar-gvk_125391957,train
GoStar-gvk_124987336,train
PostEra-EDG-MED-10fcb19e-1,train
CHEMBL1324020,train
PostEra-MAT-POS-1f3f1a6f-2,train
ZINC226098299,train
PostEra-MAT-POS-4223bc15-24,train
43849733,train
emolecules-104673421,train
PostEra-MAT-POS-806462de-2,train
PostEra-ALF-EVA-07677224-7,train
GoStar-gvk_125549101,train
GoStar-gvk_125563959,train
PostEra-MAT-POS-1bed62cf-3,train
GoStar-gvk_125391649,train
PostEra-RAL-THA-2d450e86-6,train
171835375,train
PostEra-EDJ-MED-7889e8da-6,train
GoStar-gvk_125547044,train
CHEMBL90983,train
CHEMBL508112,train
GoStar-gvk_125369312,train
GoStar-gvk_125391829,train
PostEra-RAL-THA-8416115c-5,train
PostEra-TRY-UNI-2eddb1ff-6,train
GoStar-gvk_125500826,train
PostEra-MAT-POS-90fd5f68-3,train
GoStar-gvk_125564049,train
PostEra-EDG-MED-ba1ac7b9-18,train
GoStar-gvk_125391571,train
PostEra-ALP-POS-ced8ea4d-32,train
GoStar-gvk_125493503,train
PostEra-RAL-THA-2d450e86-32,train
ZINC65731313,train
GoStar-gvk_125563981,train
PostEra-MAT-POS-7174c657-5,train
GoStar-gvk_125449837,train
emolecules-44009358,train
GoStar-gvk_125485549,train
CHEMBL4087968,train
ZINC602639,train
CHEMBL542414,train
PostEra-MAT-POS-3b92565d-1,train
GoStar-gvk_125392049,train
CHEMBL1194,train
PostEra-MAK-UNK-8be7dca9-1,train
PostEra-EDG-MED-ba1ac7b9-17,train
GoStar-gvk_125391809,train
PostEra-MAT-POS-7174c657-3,train
emolecules-5525915,train
PostEra-PET-UNK-af70882d-1,train
GoStar-gvk_125547019,train
PostEra-ALP-POS-02c6a514-45,train
world_drugs-ZINC000003955219,train
CHEMBL1200809,train
ZINC1489430,train
PostEra-DUN-NEW-f8ce3686-24,train
PostEra-MAT-POS-5cd9ea36-2,train
CHEMBL1256141,train
GoStar-gvk_125391579,train
PostEra-PET-UNK-c9c1e0d8-4,train
GoStar-gvk_125436292,train
enamine-Z30369739,train
GoStar-gvk_125564023,train
16016872,train
enamine-Z3200016643,train
world_drugs-ZINC000014879972,train
GoStar-gvk_125369311,train
ZINC13484719,train
PostEra-MAT-POS-dd3ad2b5-5,train
GoStar-gvk_125547047,train
GoStar-gvk_125509702,train
PostEra-ALP-POS-4483ae88-2,train
CHEMBL111654,train
11798390,train
GoStar-gvk_125564010,train
Z1497248312,train
PostEra-LUO-POS-e1dab717-11,train
enamine-Z26323591,train
GoStar-gvk_125468834,train
PostEra-EDJ-MED-cf4b0d25-3,train
PostEra-MAT-POS-a54ce14d-2,train
GoStar-gvk_125405676,train
CHEMBL1034,train
ZINC52619107,train
PostEra-LON-WEI-4d77710c-76,train
PostEra-TAT-ENA-80bfd3e5-45,train
PostEra-ALP-POS-305f6ec3-11,train
GoStar-gvk_125564022,train
CHEMBL34234,train
GoStar-gvk_125468738,train
ZINC3178194,train
PostEra-RAL-THA-2d450e86-33,train
PostEra-MAT-POS-c0609ef7-1,train
ZINC100551182,train
PostEra-ALP-POS-42f3de95-3,train
ZINC2392218,train
PostEra-MAT-POS-96f51285-1,train
ZINC136138,train
48955287,train
30537814,train
GoStar-gvk_125468980,train
CHEMBL518800,train
GoStar-gvk_125405674,train
Kitamura-25,train
PostEra-ALP-POS-ced8ea4d-16,train
CHEMBL1333440,train
PostEra-ERI-UCB-a0b0dbcb-2,train
emolecules-4798708,train
enamine-Z3607848499,train
GoStar-gvk_125564029,train
enamine-Z27017529,train
GoStar-gvk_125436282,train
emolecules-17180957,train
GoStar-gvk_125468880,train
CHEMBL1738972,train
PostEra-STU-CHA-7b3b91d5-1,train
PostEra-ALP-POS-c59291d4-2,train
emolecules-95449870,train
GoStar-gvk_125485583,train
GoStar-gvk_125563993,train
GoStar-gvk_125549100,train
ZINC100004242,train
Z19863544,train
ZINC253476145,train
GoStar-gvk_125563944,train
ZINC7724,train
PostEra-RAL-THA-2d450e86-19,train
GoStar-gvk_124981995,train
PostEra-MAT-POS-e36d57d9-1,train
GoStar-gvk_125547043,train
CHEMBL1318529,train
CHEMBL2177757,train
GoStar-gvk_125437359,train
enamine-Z226249344,train
PostEra-MAT-POS-61f37a1a-13,train
CHEMBL3315344,train
enamine-Z89586630,train
GoStar-gvk_125547061,train
PostEra-ALP-POS-305f6ec3-52,train
PostEra-EDJ-MED-12c4873b-5,train
world_drugs-ZINC000004836283,train
11774873,train
GoStar-gvk_125468821,train
PostEra-ALP-POS-88a7a97e-41,train
emolecules-17460544,train
CHEMBL1614710,train
PostEra-MIC-UNK-91acba05-6,train
PostEra-DAN-MCD-f396e45b-1,train
GoStar-gvk_124984446,train
CHEMBL412099,train
PostEra-LON-WEI-babf2c61-2,train
Z4911876335,train
ZINC4217476,train
PostEra-GIA-UNK-20b63697-6,train
GoStar-gvk_125468827,train
CHEMBL4303340,train
GoStar-gvk_125563920,train
PostEra-MAT-POS-7174c657-6,train
enamine-Z53853512,train
enamine-Z1869172776,train
GoStar-gvk_125563812,train
CHEMBL1200819,train
PostEra-TAT-ENA-80bfd3e5-1,train
GoStar-gvk_125564043,train
enamine-Z3648622690,train
ZINC13986658,train
Z4089615610,train
GoStar-gvk_125163390,train
PostEra-VLA-UCB-34f3ed0c-11,train
PostEra-MAT-POS-7ddaf7de-2,train
GoStar-gvk_125468983,train
CHEMBL55400,train
GoStar-gvk_125547035,train
PostEra-MAT-POS-e6dd326d-13,train
PostEra-MAT-POS-64942dd0-3,train
GoStar-gvk_125485521,train
ZINC8960,train
PostEra-MAT-POS-5cd9ea36-14,train
GoStar-gvk_124984204,train
CHEMBL3989958,train
enamine-PV-001936483331,train
enamine-Z453825104,train
PostEra-RAL-THA-5e0a6f1a-1,train
PostEra-ALP-POS-a2344586-3,train
world_drugs-ZINC000003802417,train
PostEra-MAT-POS-c88128cb-14,train
GoStar-gvk_125547057,train
GoStar-gvk_124987332,train
cas-27835-99-0,train
GoStar-gvk_125509532,train
PostEra-MAT-POS-fce787c2-8,train
CHEMBL3182420,train
GoStar-gvk_124984207,train
emolecules-189882688,train
GoStar-gvk_125485531,train
enamine-Z51736467,train
CHEMBL1605492,train
PostEra-MAT-POS-4223bc15-8,train
GoStar-gvk_125563855,train
PostEra-ALP-POS-64a710fa-1,train
CHEMBL2104287,train
PostEra-MAT-POS-24589f88-12,train
CHEMBL1276678,train
PostEra-MAT-POS-ea426761-49,train
PostEra-ALP-UNI-8e43a71e-7,train
ZINC000145401681,train
Kitamura-15,train
PostEra-ALP-POS-6d96567b-2,train
ZINC584566836,train
GoStar-gvk_125509623,train
enamine-PV-001935455653,train
CHEMBL13376,train
ZINC538174,train
PostEra-MAT-POS-2e8b2191-10,train
chembl-CHEMBL2219414,train
emolecules-17193578,train
GoStar-gvk_125468973,train
enamine-PV-001938628595,train
Z30870926,train
CHEMBL2106603,train
PostEra-MAT-POS-a54ce14d-3,train
93963894,train
CHEMBL1181770,train
PostEra-ALP-POS-e6e0c683-3,train
PostEra-RAL-THA-2d450e86-8,train
GoStar-gvk_125436299,train
GoStar-gvk_125468742,train
enamine-Z2394565290,train
PostEra-MAT-POS-4223bc15-14,train
PostEra-ALP-POS-477dc5b7-5,train
GoStar-gvk_124984206,train
CHEMBL4303698,train
GoStar-gvk_125468776,train
ZINC4594,train
PostEra-EDJ-MED-93390d0c-2,train
Z15706447,train
ZINC95099954,train
CHEMBL2107774,train
PostEra-EDG-MED-ba1ac7b9-13,train
PostEra-EDG-MED-0e5afe9d-1,train
GoStar-gvk_125436399,train
CHEMBL1650951,train
PostEra-MAT-POS-e6dd326d-9,train
PostEra-MAT-POS-f9802937-8,train
GoStar-gvk_125563921,train
GoStar-gvk_124984205,train
GoStar-gvk_124981993,train
PostEra-MAT-POS-5cd9ea36-9,train
PostEra-LON-WEI-4d77710c-24,train
GoStar-gvk_125437389,train
PostEra-EDJ-MED-1981ceba-4,train
GoStar-gvk_125468532,train
CHEMBL403183,train
CHEMBL1256817,train
PostEra-MAT-POS-5cd9ea36-7,train
PostEra-MAT-POS-e10a589d-1,train
ZINC56898832,train
GoStar-gvk_125563829,train
GoStar-gvk_125563795,train
PostEra-MAT-POS-8293a91a-4,train
CHEMBL2104464,train
GoStar-gvk_125564059,train
Z29504427,train
CHEMBL505308,train
PostEra-PET-UNK-ac320b15-10,train
PostEra-MAT-POS-bf364d7a-8,train
GoStar-gvk_125392173,train
world_drugs-ZINC000004099035,train
CHEMBL1256846,train
PostEra-MAT-POS-54c4bf04-4,train
CHEMBL259656,train
ZINC43195792,train
ZINC1188,train
GoStar-gvk_125564007,train
CHEMBL134570,train
CHEMBL1949980,train
GoStar-gvk_125563853,train
GoStar-gvk_125391591,train
GoStar-gvk_125391975,train
enamine-Z30002646,train
PostEra-MAT-POS-853c0ffa-1,train
GoStar-gvk_125436313,train
ZINC101549216,train
ZINC538194,train
CHEMBL190270,train
PostEra-MAT-POS-24589f88-8,train
PostEra-EDJ-MED-705e09b8-1,train
PostEra-EDJ-MED-fa7708b3-3,train
enamine-PV-001937273709,train
PostEra-ALP-POS-6d04362c-4,train
GoStar-gvk_124983428,train
emolecules-22701378,train
CHEMBL2106245,train
ZINC3986227,train
GoStar-gvk_125485586,train
emolecules-6135660,train
ZINC4163149,train
GoStar-gvk_125485541,train
GoStar-gvk_125436110,train
CHEMBL1555085,train
GoStar-gvk_125391877,train
PostEra-MAT-POS-4223bc15-4,train
PostEra-MAT-POS-5cd9ea36-18,train
CHEMBL34913,train
CHEMBL2140838,train
GoStar-gvk_125468489,train
CHEMBL4283683,train
ZINC36379005,train
PostEra-EDJ-MED-ee07cf00-12,train
CHEMBL379761,train
PostEra-ALP-UNI-3735e77e-2,train
CHEMBL3182384,train
CHEMBL1256921,train
PostEra-TRY-UNI-714a760b-18,train
GoStar-gvk_125392181,train
PostEra-MAT-POS-4223bc15-2,train
CHEMBL3545307,train
PostEra-EDJ-MED-49816e9b-1,train
CHEMBL2104654,train
CHEMBL534232,train
GoStar-gvk_125391711,train
PostEra-EDJ-MED-3bfd841e-1,train
GoStar-gvk_125563896,train
PostEra-MAT-POS-fa06b69f-6,train
ZINC98023167,train
GoStar-gvk_125468969,train
enamine-PV-001937852069,train
PostEra-ALP-POS-b0bc6a46-10,train
PostEra-PET-UNK-7fb4f80a-1,train
GoStar-gvk_125153449,train
CHEMBL1697771,train
CHEMBL4212818,train
PostEra-MAT-POS-916a2c5a-4,train
CHEMBL2107179,train
PostEra-MAT-POS-4223bc15-40,train
GoStar-gvk_125564072,train
ZINC1912572,train
GoStar-gvk_125391941,train
PostEra-MAT-POS-ec6d90b7-4,train
PostEra-DAR-DIA-fb20be43-6,train
GoStar-gvk_125563843,train
PostEra-MAT-POS-1f3f1a6f-1,train
CHEMBL169526,train
GoStar-gvk_125405669,train
11808502,train
GoStar-gvk_124981581,train
emolecules-6517497,train
GoStar-gvk_125549102,train
GoStar-gvk_125563824,train
CHEMBL277120,train
CHEMBL351706,train
PostEra-EDJ-MED-e4b030d8-11,train
GoStar-gvk_125563910,train
PostEra-MAT-POS-a3f7f96a-7,train
GoStar-gvk_125509576,train
enamine-Z2279040656,train
emolecules-13484366,train
emolecules-43731782,train
GoStar-gvk_125485609,train
PostEra-MAT-POS-5cd9ea36-22,train
PostEra-MAT-POS-865c3497-1,train
PostEra-EDJ-MED-be9e6f63-4,train
PostEra-MAT-POS-e119ab4f-5,train
GoStar-gvk_125436218,train
PostEra-EDG-MED-5d232de5-5,train
Z1593435771,train
PostEra-MAT-POS-c7726e07-6,train
GoStar-gvk_125564015,train
CHEMBL535607,train
PostEra-DAN-MCD-93e7aadc-1,train
PostEra-EDJ-MED-e69ed63d-11,train
PostEra-EDG-MED-0da5ad92-20,train
ZINC103691283,train
enamine-PV-001934371158,train
emolecules-6508271,train
ZINC20237,train
GoStar-gvk_125563951,train
PostEra-RAL-THA-176e263b-1,train
emolecules-6781398,train
Kitamura-24,train
GoStar-gvk_125468854,train
GoStar-gvk_125564017,train
GoStar-gvk_125563972,train
GoStar-gvk_125563844,train
ZINC4214849,train
PostEra-LON-WEI-ff7b210a-4,train
CHEMBL164,train
Z3465495034,train
GoStar-gvk_125563846,train
PostEra-EDJ-MED-8c98ee63-2,train
PostEra-MAT-POS-7174c657-4,train
PostEra-MAT-POS-f9802937-2,train
GoStar-gvk_125547049,train
PostEra-MAT-POS-23a8a11a-1,train
GoStar-gvk_125392169,train
GoStar-gvk_124987264,train
GoStar-gvk_125564016,train
PostEra-MAT-POS-4223bc15-17,train
PostEra-PET-UNK-1901c25b-1,train
enamine-Z2602701912,train
ZINC58638454,train
CHEMBL1188627,train
PostEra-EDJ-MED-43f8f7d6-4,train
PostEra-MAT-POS-e119ab4f-3,train
PostEra-MAT-POS-450cb4f9-1,train
GoStar-gvk_125564046,train
PostEra-NAU-LAT-64f4b287-4,train
CHEMBL1371493,train
GoStar-gvk_125564073,train
PostEra-EDJ-MED-827e7cb4-1,train
GoStar-gvk_125163388,train
CHEMBL271023,train
43679490,train
PostEra-MAT-POS-5cd9ea36-10,train
emolecules-50404450,train
GoStar-gvk_124987278,train
GoStar-gvk_125392177,train
GoStar-gvk_125436377,train
CHEMBL24510,train
PostEra-ALP-POS-ced8ea4d-35,train
ZINC1090,train
PostEra-MAT-POS-916a2c5a-1,train
CHEMBL2103822,train
GoStar-gvk_125563857,train
world_drugs-ZINC000004096846,train
43926720,train
PostEra-MIC-UNK-50cce87d-1,train
49911202,train
CHEMBL2095212,train
5511341,train
enamine-Z2145890309,train
PostEra-EDJ-MED-cc48ee33-5,train
GoStar-gvk_125485584,train
GoStar-gvk_125547010,train
ZINC1550499,train
GoStar-gvk_125492484,train
GoStar-gvk_125563898,train
world_drugs-ZINC000003830394,train
enamine-Z43983251,train
CHEMBL2164048,train
GoStar-gvk_125563819,train
GoStar-gvk_125392105,train
PostEra-ALP-POS-82da25a3-1,train
PostEra-EDJ-MED-e69ed63d-17,train
GoStar-gvk_125563942,train
emolecules-298133133,train
GoStar-gvk_125485535,train
CHEMBL1735,train
ZINC538440,train
GoStar-gvk_125493741,train
enamine-Z28688236,train
CHEMBL4303606,train
GoStar-gvk_125563832,train
GoStar-gvk_125436284,train
CHEMBL3916717,train
Kitamura-34,train
PostEra-ALP-POS-ced8ea4d-30,train
ZINC1488208,train
PostEra-MAT-POS-54c4bf04-3,train
GoStar-gvk_125563998,train
PostEra-ALP-POS-305f6ec3-37,train
6514919,train
31698708,train
ZINC585091600,train
GoStar-gvk_125436373,train
Z3547622507,train
Z109607876,train
PostEra-WIL-MOD-03b86a88-5,train
enamine-Z30000586,train
PostEra-KAD-UNI-80f122c8-2,train
GoStar-gvk_124985293,train
1605509,train
PostEra-EDJ-MED-1981ceba-5,train
PostEra-EDJ-MED-e69ed63d-14,train
ZINC101773780,train
emolecules-25740725,train
CHEMBL1370630,train
GoStar-gvk_125547034,train
GoStar-gvk_125509531,train
PostEra-MAT-POS-b4d6b7fc-1,train
CHEMBL3358015,train
GoStar-gvk_125436337,train
PostEra-EDJ-MED-2791eece-12,train
CHEMBL1201236,train
GoStar-gvk_125547053,train
emolecules-16188578,train
emolecules-3764852,train
ZINC157458,train
GoStar-gvk_124987259,train
PostEra-EDG-MED-10fcb19e-3,train
emolecules-17450838,train
GoStar-gvk_125563837,train
GoStar-gvk_125391833,train
ZINC31261402,train
CHEMBL538059,train
Kitamura-27,train
GoStar-gvk_125509690,train
emolecules-1936537,train
PostEra-MAT-POS-be048f2c-7,train
emolecules-22701132,train
PostEra-MAT-POS-e9e99895-4,train
ZINC116907270,train
GoStar-gvk_125563899,train
GoStar-gvk_125547072,train
CHEMBL220360,train
GoStar-gvk_125563919,train
Z2094922462,train
enamine-PV-001937744446,train
PostEra-MAT-POS-c7726e07-5,train
PostEra-MAT-POS-bb423b95-2,train
PostEra-MAK-UNK-7c9d1431-17,train
CHEMBL100259,train
PostEra-MAT-POS-4223bc15-41,train
emolecules-43047957,train
emolecules-313495885,train
PostEra-ALP-POS-b3e0acc5-1,train
PostEra-RAL-THA-2d450e86-10,train
CHEMBL621,train
GoStar-gvk_125163394,train
GoStar-gvk_125392189,train
enamine-Z89620956,train
CHEMBL1422849,train
GoStar-gvk_125392175,train
PostEra-ALP-POS-a3de0cb1-1,train
GoStar-gvk_125392021,train
CHEMBL2261102,train
GoStar-gvk_125547031,train
ZINC19796161,train
ZINC40393428,train
PostEra-MAT-POS-dd3ad2b5-4,train
CHEMBL3963349,train
CHEMBL336961,train
PostEra-EDG-MED-ba1ac7b9-20,train
CHEMBL505670,train
GoStar-gvk_124984208,train
world_drugs-ZINC000053683690,train
GoStar-gvk_125468768,train
PostEra-BEN-DND-c852c98b-5,train
GoStar-gvk_125436317,train
GoStar-gvk_125163392,train
GoStar-gvk_125563876,train
PostEra-MAT-POS-c88128cb-4,train
PostEra-EDJ-MED-ee07cf00-6,train
PostEra-DAR-DIA-0587064e-10,train
CHEMBL4303618,train
GoStar-gvk_125547052,train
CHEMBL604710,train
PostEra-EDJ-MED-1b46f08e-1,train
ZINC9831459,train
GoStar-gvk_125564012,train
PostEra-MAT-POS-590ac91e-41,train
PostEra-ALP-UNI-c3ef0aba-1,train
ZINC28049103,train
enamine-PV-002830180432,train
GoStar-gvk_125563901,train
CHEMBL510038,train
PostEra-ALP-POS-88a7a97e-38,train
ZINC154642,train
ZINC2855034,train
ZINC205775084,train
PostEra-RAL-THA-2d450e86-9,train
GoStar-gvk_125485533,train
CHEMBL54797,train
PostEra-ALP-POS-ced8ea4d-11,train
PostEra-MAT-POS-853c0ffa-6,train
GoStar-gvk_125509669,train
world_drugs-ZINC000003882897,train
PostEra-ALP-POS-ecbed2ba-13,train
enamine-Z2294393241,train
PV-001939641731,train
CHEMBL191482,train
CHEMBL4303154,train
GoStar-gvk_125493744,train
PostEra-TAT-ENA-80bfd3e5-36,train
CHEMBL3218006,train
PostEra-MAT-POS-fce787c2-2,train
ZINC34850365,train
CHEMBL1200930,train
Z4911876178,train
PostEra-MAT-POS-f42f3716-4,train
PostEra-ALP-POS-b0bc6a46-17,train
emolecules-16752810,train
CHEMBL101683,train
GoStar-gvk_125563870,train
enamine-Z152116226,train
GoStar-gvk_125563902,train
PostEra-ALP-UNI-fe744232-30,train
PostEra-EDJ-MED-6af13d92-1,train
PostEra-EDJ-MED-ee07cf00-18,train
enamine-PV-001935471487,train
CHEMBL1951444,train
ZINC96270368,train
CHEMBL259067,train
PostEra-ADA-UCB-6c2cb422-1,train
world_drugs-ZINC000018804836,train
CHEMBL1356238,train
enamine-PV-001935559908,train
CHEMBL1276127,train
enamine-PV-001831135948,train
PostEra-RAL-THA-6e4c80cf-1,train
PostEra-MAT-POS-61f37a1a-7,train
GoStar-gvk_125485544,train
PostEra-ALP-POS-c0c213c9-6,train
GoStar-gvk_124984203,train
PostEra-LUO-POS-74179f4f-1,train
PostEra-MAT-POS-a5ef2d74-1,train
GoStar-gvk_124981492,train
PostEra-EDG-MED-ba1ac7b9-21,train
GoStar-gvk_125549076,train
ZINC28641215,train
emolecules-6487077,train
GoStar-gvk_125563906,train
ZINC3780965,train
ZINC2146,train
GoStar-gvk_125549079,train
GoStar-gvk_125391547,train
GoStar-gvk_125468642,train
emolecules-25116770,train
PostEra-EDJ-MED-c314995a-1,train
CHEMBL319144,train
PostEra-MAT-POS-4223bc15-33,train
GoStar-gvk_125436124,train
PostEra-MAT-POS-ec6d90b7-7,train
43680058,train
Z4911876285,train
CHEMBL1917204,train
GoStar-gvk_125163400,train
ZINC66251730,train
ZINC2000707,train
enamine-Z978894818,train
world_drugs-ZINC000004149248,train
PostEra-VLA-UCB-50c39ae8-2,train
PostEra-MAT-POS-90fd5f68-32,train
GoStar-gvk_125485516,train
GoStar-gvk_124981999,train
ZINC149270694,train
CHEMBL2105615,train
CHEMBL723,train
24322185,train
PostEra-MAT-POS-853c0ffa-10,train
Z4911888736,train
PostEra-ALP-POS-88a7a97e-16,train
PostEra-ALP-POS-88a7a97e-31,train
CHEMBL64925,train
PostEra-MAT-POS-4223bc15-22,train
CHEMBL525998,train
Z4911889288,train
GoStar-gvk_124987263,train
CHEMBL3797437,train
PostEra-STE-KUL-d79e3d6a-3,train
emolecules-49857991,train
GoStar-gvk_125468976,train
GoStar-gvk_125391589,train
GoStar-gvk_125468970,train
PostEra-MAT-POS-4223bc15-38,train
PostEra-MAT-POS-4223bc15-23,train
ZINC598586,train
GoStar-gvk_125547009,train
PostEra-STE-KUL-d79e3d6a-1,train
Kitamura-7,train
GoStar-gvk_125468825,train
PostEra-RAL-THA-2d450e86-12,train
CHEMBL2106626,train
PostEra-ALP-POS-5bb456a5-3,train
GoStar-gvk_125485610,train
PostEra-MAT-POS-4223bc15-1,train
PostEra-DAN-MCD-8aee1169-1,train
PostEra-MAR-UCB-f313ec4d-2,train
CHEMBL1201073,train
GoStar-gvk_125392204,train
GoStar-gvk_125392117,train
GoStar-gvk_125392042,train
CHEMBL3348861,train
PostEra-ALP-UNI-b33a865d-1,train
enamine-Z30956385,train
ZINC247654071,train
PostEra-EDG-MED-ba1ac7b9-19,train
CHEMBL123756,train
GoStar-gvk_125468653,train
PostEra-MAT-POS-7174c657-1,train
Z4392767587,train
GoStar-gvk_125405747,train
GoStar-gvk_125153448,train
CHEMBL8260,train
GoStar-gvk_125564000,train
PV-001848322453,train
PostEra-MAT-POS-e6dd326d-8,train
CHEMBL179242,train
PostEra-JAG-UCB-52b62a6f-19,train
PostEra-CHO-MSK-6e55470f-5,train
PV-001872634019,train
PostEra-MAT-POS-ee51dedd-1,train
emolecules-53745114,train
ZINC95099981,train
ZINC100014196,train
PostEra-RAL-THA-6e4c80cf-2,train
43952965,train
enamine-Z19154100,train
GoStar-gvk_125391823,train
CHEMBL1616328,train
PostEra-ALP-UNI-8d415491-4,train
PostEra-ALP-POS-02c6a514-52,train
PostEra-MAT-POS-3b536971-1,train
PostEra-BEN-DND-76ad4ac9-12,train
CHEMBL188434,train
ZINC140121291,train
PostEra-ALP-POS-95f71980-21,train
CHEMBL471792,train
GoStar-gvk_125564042,train
PostEra-MAT-POS-f2460aef-2,train
emolecules-16019628,train
GoStar-gvk_125563868,train
emolecules-30601176,train
ZINC87723492,train
GoStar-gvk_125468783,train
ZINC887,train
ZINC1481819,train
PostEra-MAR-UCB-f313ec4d-6,train
PostEra-MAT-POS-853c0ffa-16,train
GoStar-gvk_125509675,train
PostEra-ALP-POS-f1807566-1,train
PostEra-MAT-POS-dd1fff26-1,train
PostEra-ALP-POS-ecbed2ba-21,train
emolecules-25689291,train
Z17105026,train
Z1437629922,train
ZINC27048,train
GoStar-gvk_125549098,train
CHEMBL1089501,train
Z102625044,train
PostEra-EDJ-MED-e69ed63d-8,train
PostEra-PET-UNK-bb7ffe78-1,train
PostEra-ALP-POS-87c86d55-2,train
GoStar-gvk_125563893,train
PostEra-MAT-POS-4223bc15-36,train
GoStar-gvk_125392087,train
GoStar-gvk_125436016,train
CHEMBL484736,train
Z4349680036,train
32782830,train
GoStar-gvk_125509599,train
PostEra-MAT-POS-853c0ffa-9,train
enamine-PV-001936712234,train
CHEMBL164747,train
GoStar-gvk_125468529,train
PostEra-EDJ-MED-d08626de-5,train
enamine-Z66377519,train
PostEra-BEN-DND-f2e727cd-4,train
PostEra-MAT-POS-e6dd326d-6,train
PostEra-MAT-POS-97ec4bd1-3,train
ZINC70466416,train
emolecules-26598846,train
PostEra-JIN-POS-6dc588a4-12,train
GoStar-gvk_125391789,train
Kneller-HL-3-68,train
PostEra-DAN-MCD-9b81d1fa-1,train
PostEra-MAT-POS-61f37a1a-14,train
PostEra-DAN-MCD-9950a804-1,train
PostEra-ALP-POS-88a7a97e-33,train
PostEra-ERI-UCB-a0b0dbcb-11,train
PostEra-MAT-POS-d8472c4f-4,train
CHEMBL225284,train
ZINC95705051,train
GoStar-gvk_125468663,train
GoStar-gvk_125485572,train
GoStar-gvk_125563814,train
PostEra-EDJ-MED-be9e6f63-1,train
GoStar-gvk_125468788,train
8331666,train
GoStar-gvk_125563808,train
PostEra-EDG-MED-ba1ac7b9-23,train
emolecules-5780444,train
GoStar-gvk_125468638,train
GoStar-gvk_125391593,train
PostEra-EDG-MED-70ae9412-2,train
GoStar-gvk_125485573,train
CHEMBL1256478,train
PostEra-ALP-UNI-8e43a71e-10,train
enamine-PV-001937766049,train
GoStar-gvk_125485596,train
Z95983581,train
GoStar-gvk_125405682,train
PostEra-DAN-MCD-0742953f-1,train
enamine-Z1378524278,train
ZINC201766361,train
ZINC141742530,train
GoStar-gvk_125436343,train
PostEra-FRA-DIA-c7e803f4-1,train
GoStar-gvk_124987262,train
300146207,train
CHEMBL1742457,train
enamine-PV-000614265568,train
GoStar-gvk_125485548,train
GoStar-gvk_125564035,train
GoStar-gvk_125485600,train
GoStar-gvk_125485540,train
world_drugs-ZINC000027428713,train
GoStar-gvk_125563789,train
PostEra-LEE-CAM-7ab9b158-3,train
CHEMBL3747259,train
Gentile-Z4927220858,train
PostEra-LON-WEI-9739a092-5,train
CHEMBL406,train
PostEra-MAT-POS-a2421bb6-1,train
ZINC1798,train
PostEra-TRY-UNI-714a760b-6,train
CHEMBL1449962,train
GoStar-gvk_125436319,train
ZINC449608,train
Z126254100,train
PostEra-LON-WEI-8f408cad-3,train
GoStar-gvk_125435870,train
ZINC68107504,train
PostEra-MAT-POS-90fd5f68-12,train
PostEra-CHO-MSK-00c5269a-5,train
PostEra-MAT-POS-281d2ee9-3,train
emolecules-44657006,train
GoStar-gvk_125547055,train
PostEra-MAT-POS-97ec4bd1-2,train
Z202324608,train
ZINC3820709,train
emolecules-24424650,train
GoStar-gvk_125405670,train
ZINC1167681,train
PostEra-MAT-POS-916a2c5a-3,train
enamine-Z30992410,train
PostEra-MAT-POS-24589f88-2,train
GoStar-gvk_125436296,train
CHEMBL243954,train
Z2436027608,train
PostEra-RAL-THA-a9c31980-5,train
GoStar-gvk_125563992,train
emolecules-299966323,train
GoStar-gvk_125563974,train
GoStar-gvk_125468746,train
CHEMBL1698,train
PostEra-MAT-POS-f7918075-2,train
PostEra-EDJ-MED-ce467fd5-1,train
PostEra-JIN-POS-6dc588a4-22,train
PostEra-JIN-POS-6dc588a4-11,train
CHEMBL1607275,train
PostEra-LON-WEI-4d77710c-74,train
506900,train
world_drugs-ZINC000003915154,train
enamine-Z62448216,train
Z131220492,train
GoStar-gvk_125547064,train
PostEra-EDG-MED-b8f93667-4,train
CHEMBL976,train
PostEra-MAT-POS-2db6411e-2,train
Kneller-Mcule-CSR-494190-S1,train
CHEMBL2358658,train
CHEMBL2063743,train
PostEra-MAT-POS-83f73d0a-1,train
PostEra-EDJ-MED-e69ed63d-15,train
GoStar-gvk_125468737,train
GoStar-gvk_125436369,train
GoStar-gvk_125563841,train
GoStar-gvk_125509546,train
CHEMBL1200561,train
GoStar-gvk_125563878,train
PostEra-LON-WEI-babf2c61-5,train
CHEMBL2408045,train
PostEra-ALP-POS-477dc5b7-2,train
ZINC168658420,train
GoStar-gvk_125563984,train
48989387,train
ZINC537931,train
PostEra-MAT-POS-f42f3716-5,train
GoStar-gvk_125564024,train
world_drugs-ZINC000003944422,train
ZINC27647189,train
ZINC18067894,train
PostEra-PET-UNK-bb7ffe78-2,train
GoStar-gvk_125563791,train
emolecules-11817138,train
GoStar-gvk_125468870,train
GoStar-gvk_125493443,train
CHEMBL3545085,train
GoStar-gvk_125564013,train
CHEMBL4216092,train
ZINC95911067,train
CHEMBL154580,train
GoStar-gvk_125468937,train
GoStar-gvk_125509622,train
GoStar-gvk_125509656,train
emolecules-24428572,train
ZINC6489,train
GoStar-gvk_125436321,train
PostEra-MAT-POS-5f1400cf-1,train
CHEMBL1271993,train
emolecules-19844391,train
enamine-Z18792561,train
PostEra-ALP-POS-88a7a97e-24,train
GoStar-gvk_125563971,train
CHEMBL1531134,train
ZINC137087,train
GoStar-gvk_125391845,train
GoStar-gvk_125485598,train
GoStar-gvk_125563925,train
GoStar-gvk_125547075,train
CHEMBL2440787,train
PostEra-MAT-POS-a3f7f96a-8,train
ZINC253387934,train
GoStar-gvk_125563914,train
GoStar-gvk_125391775,train
PostEra-MAT-POS-e119ab4f-2,train
emolecules-25116992,train
GoStar-gvk_125564064,train
PostEra-EDJ-MED-611d11e7-5,train
GoStar-gvk_125563943,train
PostEra-EDJ-MED-b7309adf-1,train
PostEra-MAT-POS-5369c344-6,train
GoStar-gvk_125485581,train
PostEra-ALP-UNI-3735e77e-1,train
PostEra-MAT-POS-8a69d52e-7,train
Z236124422,train
ZINC6718813,train
GoStar-gvk_124987342,train
PostEra-ALP-POS-02c6a514-32,train
CHEMBL1016,train
PostEra-EDJ-MED-ee07cf00-10,train
PostEra-ALP-POS-305f6ec3-49,train
GoStar-gvk_125564019,train
PostEra-MAT-POS-4223bc15-31,train
GoStar-gvk_125563842,train
CHEMBL178459,train
6539717,train
PostEra-MAT-POS-51833a24-1,train
GoStar-gvk_125563817,train
GoStar-gvk_125392209,train
PostEra-EDJ-MED-eb111c00-2,train
GoStar-gvk_125564066,train
Z26768754,train
emolecules-95487336,train
PostEra-MAT-POS-be048f2c-5,train
CHEMBL4303361,train
GoStar-gvk_125485519,train
GoStar-gvk_125493417,train
Z4911889632,train
GoStar-gvk_125509634,train
emolecules-300951807,train
enamine-Z2091795699,train
PostEra-ALP-POS-95f71980-4,train
GoStar-gvk_125493740,train
CHEMBL2138161,train
ZINC1571580,train
CHEMBL1577316,train
PostEra-EDJ-MED-76744c27-7,train
ZINC1490414,train
PostEra-ALP-POS-fe871b40-16,train
ZINC19362182,train
GoStar-gvk_125563860,train
PostEra-JAN-GHE-5a013bed-1,train
GoStar-gvk_124982000,train
16135771,train
Gentile-Z4927220853,train
PostEra-MAT-POS-ea426761-53,train
CHEMBL458997,train
GoStar-gvk_125468635,train
PostEra-PET-UNK-7374c256-2,train
PostEra-MAT-POS-c7726e07-3,train
CHEMBL1585869,train
CHEMBL66953,train
GoStar-gvk_125563987,train
GoStar-gvk_125405673,train
PostEra-LON-WEI-0a73fcb8-7,train
PostEra-EDJ-MED-d9f3798e-1,train
PostEra-LUO-POS-e1dab717-12,train
PostEra-ALP-POS-c59291d4-4,train
GoStar-gvk_125436349,train
CHEMBL4303565,train
PostEra-MAT-POS-53907a1c-2,train
GoStar-gvk_125468514,train
CHEMBL4212531,train
CHEMBL1451277,train
PostEra-EDJ-MED-cc48ee33-4,train
PostEra-LON-WEI-4d77710c-66,train
GoStar-gvk_125563861,train
PostEra-MAT-POS-24589f88-11,train
GoStar-gvk_125563950,train
PostEra-ALP-POS-42f3de95-2,train
emolecules-171801968,train
PostEra-MAT-POS-c7726e07-4,train
PostEra-MIC-UNK-45817b9b-1,train
PostEra-RAL-THA-2d450e86-31,train
GoStar-gvk_125468523,train
ZINC100153731,train
CHEMBL2105029,train
PostEra-EDJ-MED-7889e8da-3,train
CHEMBL1095,train
PostEra-MAT-POS-24589f88-7,train
ZINC6856,train
CHEMBL1084269,train
GoStar-gvk_125468836,train
PostEra-MAT-POS-ea426761-9,train
PostEra-LON-WEI-9739a092-10,train
PostEra-MAT-POS-044491d2-6,train
PostEra-DAN-MCD-0fb4364c-1,train
GoStar-gvk_125436254,train
PostEra-ALP-POS-88a7a97e-36,train
27177123,train
PostEra-MAT-POS-14ad9fe9-1,train
ZINC43152787,train
PostEra-LON-WEI-adc59df6-45,train
GoStar-gvk_125563945,train
GoStar-gvk_125563799,train
CHEMBL603370,train
GoStar-gvk_125437183,train
world_drugs-ZINC000003915645,train
PostEra-ALP-POS-02c6a514-55,train
emolecules-25757231,train
PostEra-EDJ-MED-e4b030d8-2,train
ZINC7673,train
CHEMBL313952,train
GoStar-gvk_125485542,train
GoStar-gvk_125509586,train
PostEra-MIC-UNK-50cce87d-3,train
GoStar-gvk_125563869,train
GoStar-gvk_125485574,train
GoStar-gvk_125436357,train
CHEMBL3665060,train
PostEra-GIA-UNK-20b63697-2,train
enamine-Z2775821867,train
enamine-Z24085599,train
GoStar-gvk_125564008,train
CHEMBL607707,train
emolecules-43852082,train
PV-001826976736,train
PostEra-EDJ-MED-dd2a8363-1,train
GoStar-gvk_125563880,train
PostEra-MAT-POS-e10a589d-4,train
GoStar-gvk_125468729,train
enamine-Z1981968663,train
GoStar-gvk_125485537,train
GoStar-gvk_125563871,train
PostEra-EDJ-MED-2f867453-1,train
GoStar-gvk_125391573,train
PostEra-DAR-DIA-23aa0b97-19,train
PostEra-ALP-POS-d0876c20-19,train
GoStar-gvk_125563873,train
GoStar-gvk_125468955,train
Kitamura-36,train
GoStar-gvk_125468858,train
PostEra-MAT-POS-8293a91a-7,train
PostEra-MAT-POS-8695a11f-3,train
GoStar-gvk_125436359,train
PostEra-MAT-POS-61f37a1a-5,train
PostEra-MAT-POS-932d1078-5,train
GoStar-gvk_125563931,train
CHEMBL2164544,train
PostEra-ALP-POS-ecbed2ba-16,train
PostEra-EDG-MED-0e5afe9d-3,train
CHEMBL377312,train
PostEra-DAN-MCD-0c04f563-1,train
PostEra-ALP-POS-02c6a514-57,train
enamine-Z1565597103,train
GoStar-gvk_125468628,train
GoStar-gvk_125436305,train
GoStar-gvk_125391578,train
GoStar-gvk_125436548,train
PostEra-MAT-POS-bb423b95-5,train
PostEra-MAT-POS-5cd9ea36-15,train
PostEra-MAT-POS-90fd5f68-2,train
ZINC3872277,train
PostEra-ALP-POS-9c80c481-1,train
Z1155281892,train
emolecules-49715883,train
PostEra-MED-COV-4280ac29-13,train
CHEMBL130321,train
GoStar-gvk_124984445,train
CHEMBL3301601,train
CHEMBL478284,train
PostEra-ALP-POS-88a7a97e-10,train
GoStar-gvk_125485577,train
GoStar-gvk_125509683,train
PostEra-STU-CHA-83dacf15-1,train
PostEra-EDJ-MED-b774e9fe-2,train
CHEMBL3092537,train
GoStar-gvk_125563892,train
GoStar-gvk_125468575,train
CHEMBL119171,train
enamine-Z4223815416,train
PostEra-ALP-POS-fe871b40-2,train
GoStar-gvk_125564052,train
GoStar-gvk_125437424,train
GoStar-gvk_125509626,train
ZINC28879084,train
GoStar-gvk_124982001,train
PostEra-MAT-POS-14f31916-5,train
GoStar-gvk_125485582,train
GoStar-gvk_125468849,train
CHEMBL63440,train
ZINC3818778,train
enamine-Z52004549,train
PostEra-ALP-POS-305f6ec3-2,train
ZINC1534906,train
CHEMBL2052019,train
ZINC1539352,train
PostEra-ALP-POS-91609ae9-3,train
emolecules-32627922,train
CHEMBL481537,train
GoStar-gvk_125563864,train
GoStar-gvk_125509698,train
GoStar-gvk_125138448,train
GoStar-gvk_125468874,train
ZINC43207268,train
GoStar-gvk_125468528,train
CHEMBL2062162,train
PostEra-MAT-POS-fce787c2-5,train
emolecules-8614315,train
world_drugs-ZINC000001844627,train
ZINC538658,train
PostEra-ALP-POS-02c6a514-56,train
PostEra-ALP-UNI-8d415491-5,train
PostEra-RAL-THA-05e671eb-10,train
Z4911889673,train
GoStar-gvk_125436355,train
PostEra-RAL-THA-2d450e86-26,train
PostEra-MAT-POS-5cd9ea36-11,train
25392386,train
Kitamura-23R,train
CHEMBL472940,train
GoStar-gvk_125391597,train
Kitamura-13,train
PostEra-MED-COV-4280ac29-31,train
GoStar-gvk_125564060,train
CHEMBL43,train
GoStar-gvk_125392167,train
GoStar-gvk_125485571,train
PostEra-EDJ-MED-cf4b0d25-1,train
GoStar-gvk_125485601,train
PostEra-RAL-THA-2d450e86-37,train
CHEMBL583042,train
PostEra-MAT-POS-edabd372-2,train
PostEra-PET-UNK-8922bd3c-1,train
PostEra-ALP-POS-f13221e1-2,train
PostEra-RAL-THA-58fba2bc-1,train
ZINC11677837,train
GoStar-gvk_125563937,train
PostEra-ALP-POS-b0bc6a46-12,train
emolecules-23911678,train
GoStar-gvk_124987335,train
GoStar-gvk_125485514,train
emolecules-68864228,train
GoStar-gvk_125563904,train
PostEra-ALP-UNI-8e43a71e-2,train
GoStar-gvk_125564021,train
CHEMBL1236924,train
GoStar-gvk_125549097,train
Z166947358,train
GoStar-gvk_125391641,train
GoStar-gvk_125563960,train
GoStar-gvk_125509534,train
PostEra-ALP-POS-88a7a97e-34,train
PostEra-EDJ-MED-7889e8da-5,train
PostEra-MAT-POS-1f3f1a6f-4,train
PostEra-EDJ-MED-fa7708b3-2,train
PostEra-DUN-NEW-f8ce3686-23,train
PostEra-PEI-IMP-3d837503-1,train
GoStar-gvk_125563811,train
PostEra-ALP-POS-88a7a97e-3,train
PostEra-DAN-LON-a5fc619e-3,train
GoStar-gvk_125468845,train
CHEMBL274990,train
PostEra-EDJ-MED-b24713dc-3,train
world_drugs-ZINC000100036924,train
16292231,train
GoStar-gvk_125549089,train
ZINC109066,train
CHEMBL47529,train
PostEra-ALP-UNI-dbb9503d-1,train
enamine-Z74000392,train
PostEra-MAT-POS-61f37a1a-10,train
PostEra-EDJ-MED-6af13d92-3,train
PostEra-ALP-POS-6f6ae286-5,train
PostEra-MAT-POS-61f37a1a-8,train
ZINC35794284,train
PostEra-EDG-MED-ba1ac7b9-11,train
CHEMBL259018,train
ZINC43197674,train
world_drugs-ZINC000000643046,train
GoStar-gvk_124981992,train
Z51731850,train
GoStar-gvk_125547008,train
emolecules-2519105,train
ZINC116937,train
PostEra-TAT-ENA-80bfd3e5-7,train
PostEra-EDJ-MED-e69ed63d-7,train
GoStar-gvk_125468757,train
PostEra-EDJ-MED-ee07cf00-3,train
GoStar-gvk_125563856,train
PostEra-MAT-POS-fb82b63d-3,train
enamine-Z1989868528,train
PostEra-ALP-POS-ecbed2ba-18,train
GoStar-gvk_125468930,train
CHEMBL929,train
enamine-Z126417890,train
ZINC5137268,train
PostEra-MAT-POS-f7918075-5,train
GoStar-gvk_125563956,train
GoStar-gvk_125564039,train
PostEra-EDJ-MED-611d11e7-4,train
GoStar-gvk_125493692,train
GoStar-gvk_125564036,train
PostEra-MAT-POS-5369c344-7,train
enamine-Z2360526737,train
GoStar-gvk_125468850,train
CHEMBL8347,train
PostEra-ALP-POS-88a7a97e-13,train
PostEra-LON-WEI-4d77710c-61,train
PostEra-MAT-POS-f2460aef-4,train
enamine-PV-001934169576,train
ZINC85540202,train
GoStar-gvk_125468942,train
Kitamura-21,train
PostEra-STE-KUL-d79e3d6a-5,train
CHEMBL26138,train
PostEra-MAT-POS-90fd5f68-1,train
CHEMBL397070,train
GoStar-gvk_124987341,train
CHEMBL375270,train
CHEMBL477197,train
ZINC853334,train
PostEra-RUB-POS-1325a9ea-14,train
Z31399314,train
Kitamura-32,train
Z231886700,train
GoStar-gvk_125549083,train
GoStar-gvk_125563958,train
GoStar-gvk_125564006,train
PV-001933836244,train
GoStar-gvk_125447899,train
PostEra-LON-WEI-9739a092-3,train
PostEra-MAT-POS-24589f88-3,train
GoStar-gvk_124984453,train
PostEra-ALP-POS-477dc5b7-4,train
PostEra-BEN-DND-76ad4ac9-11,train
GoStar-gvk_125391844,train
ZINC2510048,train
GoStar-gvk_125436473,train
PostEra-MAT-POS-4223bc15-28,train
ZINC3994929,train
GoStar-gvk_125153450,train
Z4911889334,train
PostEra-LON-WEI-8f408cad-7,train
PostEra-MAT-POS-5cd9ea36-19,train
GoStar-gvk_125436020,train
ZINC40979996,train
CHEMBL309760,train
CHEMBL93403,train
GoStar-gvk_124984444,train
ZINC38698888,train
emolecules-3108553,train
CHEMBL498,train
PostEra-MAT-POS-d8472c4f-2,train
CHEMBL1200887,train
GoStar-gvk_125468736,train
PostEra-MAT-POS-14f31916-3,train
PostEra-MED-COV-4280ac29-15,train
GoStar-gvk_125563954,train
GoStar-gvk_125564076,train
PostEra-MAT-POS-e9e99895-2,train
CHEMBL2398213,train
CHEMBL108425,train
GoStar-gvk_125485558,train
GoStar-gvk_125391953,train
GoStar-gvk_124987345,train
GoStar-gvk_125563851,train
PostEra-ALP-POS-869ac754-2,train
6796993,train
enamine-Z70813450,train
emolecules-4537204,train
ZINC25973757,train
GoStar-gvk_125564020,train
CHEMBL510698,train
GoStar-gvk_125468506,train
PostEra-ALP-POS-6479a3a9-1,train
PostEra-MAK-UNK-d4768348-1,train
ZINC205441365,train
GoStar-gvk_125485597,train
ZINC85537014,train
PostEra-EDJ-MED-d165ed91-3,train
emolecules-43720426,train
PostEra-PET-UNK-bb7ffe78-3,train
GoStar-gvk_125392171,train
Kitamura-33,train
32776814,train
ZINC000040899447,train
CHEMBL2042272,train
GoStar-gvk_125485599,train
PostEra-MAT-POS-e9e99895-5,train
GoStar-gvk_125436138,train
35936444,train
GoStar-gvk_125564055,train
GoStar-gvk_125509575,train
GoStar-gvk_125563988,train
emolecules-3134369,train
CHEMBL2387224,train
PostEra-BRU-THA-92256091-17,train
GoStar-gvk_125563798,train
CHEMBL4214567,train
PostEra-ALP-UNI-8d415491-1,train
GoStar-gvk_125468861,train
GoStar-gvk_125468967,train
PostEra-ALP-POS-ecbed2ba-2,train
PostEra-EDJ-MED-d165ed91-4,train
ZINC226098311,train
world_drugs-ZINC000096014306,train
CHEMBL1624037,train
6544905,train
ZINC95920802,train
PostEra-BRU-THA-92256091-80,train
CHEMBL331897,train
PostEra-MAT-POS-e9e99895-9,train
GoStar-gvk_125468527,train
PostEra-DAN-MCD-cb24a79d-1,train
6524613,train
GoStar-gvk_125437414,train
GoStar-gvk_124979778,train
GoStar-gvk_125468763,train
PostEra-MAT-POS-5d65ec79-1,train
PostEra-ALP-POS-1460fd94-1,train
PostEra-MAT-POS-8a69d52e-2,train
PostEra-MAT-POS-e9e99895-8,train
CHEMBL1214827,train
PostEra-ERI-UCB-d6de1f3c-1,train
PostEra-ALP-POS-88a7a97e-43,train
GoStar-gvk_125391580,train
PostEra-RAL-THA-8416115c-9,train
GoStar-gvk_124987299,train
ZINC3828115,train
ZINC22454014,train
PostEra-RUB-POS-1325a9ea-12,train
PostEra-EDJ-MED-ee07cf00-15,train
CHEMBL1439099,train
enamine-Z52017269,train
GoStar-gvk_125509715,train
PostEra-MAT-POS-45b13633-3,train
Kitamura-2,train
CHEMBL3589009,train
PostEra-PET-UNK-372a2f82-1,train
ZINC1919,train
emolecules-20523905,train
CHEMBL571700,train
GoStar-gvk_125468570,train
PostEra-MAT-POS-f2460aef-3,train
PostEra-ALP-POS-e266d783-1,train
GoStar-gvk_125468856,train
GoStar-gvk_125391821,train
PostEra-TAT-ENA-80bfd3e5-4,train
GoStar-gvk_125547025,train
ZINC64033452,train
PostEra-MAT-POS-90fd5f68-23,train
Gentile-Z4921675438,train
GoStar-gvk_125493661,train
GoStar-gvk_125436385,train
CHEMBL296586,train
PostEra-EDJ-MED-968bafd9-1,train
PostEra-EDJ-MED-9e38fd34-1,train
GoStar-gvk_125563883,train
enamine-Z1496613791,train
PostEra-MAT-POS-5d65ec79-2,train
GoStar-gvk_125564065,train
ZINC95705079,train
ZINC95616601,train
enamine-Z2295969047,train
PostEra-MAT-POS-9db1e783-3,train
CHEMBL1511957,train
PostEra-ALP-POS-88a7a97e-23,train
emolecules-25544064,train
GoStar-gvk_125563810,train
ZINC57412,train
PostEra-MAT-POS-ec6d90b7-6,train
enamine-PV-001940328617,train
CHEMBL7318,train
enamine-Z2358653948,train
PostEra-RAL-THA-a9c31980-4,train
Z66779038,train
GoStar-gvk_125563874,train
enamine-Z2410329201,train
GoStar-gvk_125509620,train
GoStar-gvk_125468579,train
25258088,train
emolecules-16355286,train
PostEra-MAT-POS-5cd9ea36-16,train
6548341,train
CHEMBL1684242,train
GoStar-gvk_125391799,train
PostEra-MAT-POS-6c284e65-1,train
GoStar-gvk_125436158,train
CHEMBL1800955,train
world_drugs-ZINC000077269415,train
Z115131586,train
PostEra-RAL-THA-a9c31980-3,train
PostEra-MAT-POS-7ddaf7de-3,train
CHEMBL311228,train
PostEra-AAR-POS-d2a4d1df-27,train
PostEra-WIL-MOD-03b86a88-4,train
PostEra-ALP-POS-88a7a97e-9,train
PostEra-MAT-POS-90fd5f68-13,train
PostEra-PET-UNK-e274cad4-6,train
CHEMBL708,train
GoStar-gvk_125392185,train
PostEra-BEN-DND-93268d01-8,train
PostEra-ALP-POS-d0876c20-17,train
GoStar-gvk_125564009,train
ZINC1124963,train
PostEra-JAN-GHE-5a013bed-3,train
PostEra-LON-WEI-babf2c61-1,train
other-PF-07321332,train
emolecules-110118743,train
GoStar-gvk_125563885,train
Z4911889326,train
CHEMBL288470,train
PostEra-MAT-POS-90fd5f68-22,train
emolecules-43716837,train
enamine-Z1815805845,train
PostEra-MAT-POS-bfd29aac-2,train
GoStar-gvk_125436182,train
GoStar-gvk_125563854,train
CHEMBL334830,train
GoStar-gvk_124987331,train
PostEra-MAT-POS-c20a539d-1,train
PostEra-MAT-POS-c20a539d-7,train
PostEra-MAT-POS-fc9ede84-1,train
GoStar-gvk_125509578,train
CHEMBL3581693,train
PostEra-ALP-POS-966f8da6-2,train
18857566,train
PostEra-ALP-POS-ecbed2ba-22,train
Z4912263843,train
PostEra-ALP-POS-95b75b4d-5,train
world_drugs-ZINC000035653106,train
CHEMBL3402762,train
GoStar-gvk_125391963,train
GoStar-gvk_125563833,train
GoStar-gvk_125163401,train
ZINC3995796,train
ZINC95921158,train
ZINC95705076,train
ZINC13339934,train
GoStar-gvk_125564028,train
GoStar-gvk_125547070,train
PostEra-MAT-POS-1f3f1a6f-5,train
GoStar-gvk_125405688,train
GoStar-gvk_125468940,train
PostEra-BEN-BAS-c2bc0d80-7,train
PostEra-MAT-POS-199e2e7c-1,train
emolecules-16018274,train
PostEra-MAT-POS-d8472c4f-1,train
CHEMBL1450144,train
PostEra-DAV-CRI-3edb475e-6,train
PostEra-EDJ-MED-ee07cf00-17,train
GoStar-gvk_125563895,train
ZINC49933061,train
PostEra-ERI-UCB-a0b0dbcb-4,train
GoStar-gvk_125563852,train
GoStar-gvk_125392191,train
GoStar-gvk_125485592,train
GoStar-gvk_125563936,train
PostEra-MAT-POS-a3f7f96a-6,train
GoStar-gvk_125468766,train
GoStar-gvk_125563862,train
PostEra-ALP-POS-a577c8a2-1,train
PostEra-MAT-POS-044491d2-2,train
PostEra-MAT-POS-bf364d7a-7,train
PostEra-MAT-POS-e48723dc-2,train
PostEra-MAT-POS-5cd9ea36-23,train
PostEra-ALP-POS-02c6a514-49,train
GoStar-gvk_125391959,train
CHEMBL1672354,train
GoStar-gvk_125391611,train
GoStar-gvk_125163398,train
Z2178788070,train
ZINC68206341,train
ZINC87608303,train
PostEra-WIL-UNI-d4749f31-37,train
GoStar-gvk_125405690,train
ZINC205895184,train
emolecules-3760130,train
CHEMBL2032202,train
CHEMBL541388,train
GoStar-gvk_125468749,train
CHEMBL1908397,train
GoStar-gvk_125468798,train
PostEra-LON-WEI-4d77710c-51,train
Z30704595,train
GoStar-gvk_125468939,train
PostEra-MAT-POS-777f5926-3,train
PostEra-MAT-POS-916a2c5a-2,train
GoStar-gvk_125564069,train
PostEra-MAT-POS-83f73d0a-2,train
PostEra-PET-UNK-b38839dc-1,train
other-remdesivir,train
CHEMBL1200795,train
GoStar-gvk_125436323,train
GoStar-gvk_125436391,train
GoStar-gvk_125563933,train
PostEra-DAN-MCD-52f1549c-1,train
ZINC205126836,train
ZINC115645995,train
CHEMBL1608472,train
PostEra-MAT-POS-50a80394-2,train
43713729,train
GoStar-gvk_125547065,train
GoStar-gvk_125436485,train
PostEra-EDJ-MED-4c7486ba-8,train
ZINC9090,train
PostEra-EDJ-MED-ee742daa-4,train
PostEra-EDJ-MED-0186a59b-8,train
CHEMBL3392049,train
enamine-Z994341018,train
GoStar-gvk_125405675,train
PostEra-JIN-POS-6dc588a4-13,train
GoStar-gvk_125549082,train
PostEra-LUO-POS-edefcc0e-1,train
PostEra-MAT-POS-3ccb8ef6-1,train
GoStar-gvk_125435606,train
ZINC4392643,train
GoStar-gvk_125547066,train
PostEra-EDJ-MED-976da9a6-1,train
ZINC1753799,train
GoStar-gvk_125468847,train
GoStar-gvk_125435914,train
GoStar-gvk_125485575,train
GoStar-gvk_125468971,train
ZINC3861630,train
world_drugs-ZINC000014880002,train
CHEMBL38182,train
GoStar-gvk_125468848,train
PostEra-MAT-POS-932d1078-1,train
CHEMBL817,train
CHEMBL3259907,train
enamine-Z17443819,train
PostEra-EDJ-MED-b774e9fe-3,train
PostEra-VLA-UNK-82501c2c-1,train
32535058,train
ZINC13984603,train
GoStar-gvk_125436479,train
PostEra-ALP-POS-87c86d55-1,train
PostEra-MAT-POS-4223bc15-30,train
PostEra-ALP-POS-d0876c20-5,train
PostEra-ALP-UNI-8d415491-6,train
Z211304338,train
ZINC22443609,train
PostEra-MAT-POS-90fd5f68-14,train
ZINC901254,train
GoStar-gvk_125485524,train
GoStar-gvk_125436339,train
PostEra-EDJ-MED-76744c27-1,train
GoStar-gvk_125468536,train
emolecules-25544496,train
PostEra-ALP-POS-568d9d36-1,train
GoStar-gvk_125485551,train
PostEra-PET-UNK-c9c1e0d8-3,train
PostEra-EDJ-MED-ee07cf00-1,train
CHEMBL2333365,train
ZINC2101,train
PostEra-ALP-POS-e0fe77e5-13,train
PostEra-EDG-MED-ba1ac7b9-12,train
Kitamura-37,train
PostEra-EDJ-MED-e69ed63d-6,train
PostEra-PET-UNK-7fb4f80a-2,train
GoStar-gvk_125509692,train
enamine-Z16718787,train
Kitamura-35,train
CHEMBL2179983,train
PostEra-ALP-POS-e980f4ea-32,train
PostEra-MAT-POS-bf364d7a-1,train
ZINC40430143,train
ZINC3875342,train
Z289525532,train
PostEra-MAT-POS-e9e99895-7,train
GoStar-gvk_125547046,train
ZINC68197423,train
enamine-Z2737490712,train
emolecules-16338559,train
CHEMBL1191,train
PostEra-DAN-MCD-881986d8-1,train
PostEra-EDJ-MED-50fe53e8-1,train
enamine-PV-001916216988,train
PostEra-RAL-THA-e002e396-1,train
ZINC3767,train
GoStar-gvk_125468778,train
PostEra-EDJ-MED-2791eece-4,train
CHEMBL4303573,train
GoStar-gvk_125369314,train
PostEra-EDG-MED-70ae9412-1,train
4810876,train
GoStar-gvk_125564002,train
PostEra-LON-WEI-4d77710c-2,train
CHEMBL480,train
ZINC43277624,train
other-GC-373,train
PostEra-MAT-POS-4223bc15-18,train
GoStar-gvk_125436301,train
GoStar-gvk_125563905,train
PostEra-EDJ-MED-ee07cf00-8,train
GoStar-gvk_125485554,train
PostEra-ALP-POS-88a7a97e-26,train
PostEra-ALP-POS-6d04362c-3,train
PostEra-RAL-THA-2d450e86-7,train
ZINC95571016,train
CHEMBL347695,train
PostEra-EDJ-MED-e69ed63d-10,train
PostEra-JIN-POS-6dc588a4-21,train
ZINC275584,train
CHEMBL956,train
ZINC71257194,train
PostEra-MAT-POS-2bb0cf2b-2,train
PostEra-ALP-POS-b0bc6a46-5,train
PostEra-MAT-POS-8293a91a-5,train
ZINC88346058,train
GoStar-gvk_125436303,train
CHEMBL45245,train
PostEra-ALP-POS-696356e4-1,train
ZINC184919,train
GoStar-gvk_124987294,train
PostEra-MAT-POS-50a80394-1,train
CHEMBL2180479,train
world_drugs-ZINC000000538152,train
PostEra-ALP-POS-88a7a97e-6,train
ZINC40951976,train
GoStar-gvk_125547080,train
GoStar-gvk_125468500,train
PostEra-ALP-POS-ecbed2ba-5,train
PostEra-ALP-POS-88a7a97e-27,train
world_drugs-ZINC000001550477,train
PostEra-EDJ-MED-ee07cf00-5,train
enamine-Z4251633058,train
ZINC499303,train
ZINC3916214,train
17179139,train
PostEra-BEN-DND-f2e727cd-6,train
PostEra-EDG-MED-ba1ac7b9-22,train
enamine-PV-001938230749,train
GoStar-gvk_125468525,train
GoStar-gvk_125468760,train
GoStar-gvk_125547004,train
GoStar-gvk_125485578,train
ZINC6117343,train
PostEra-MAT-POS-f9802937-5,train
ZINC1748,train
GoStar-gvk_124981494,train
PostEra-VLA-UCB-1dbca3b4-15,train
GoStar-gvk_125564033,train
enamine-Z2218809120,train
CHEMBL494947,train
CHEMBL42126,train
GoStar-gvk_125468565,train
PostEra-LUO-POS-9931618f-2,train
PostEra-MAT-POS-853c0ffa-5,train
GoStar-gvk_125563989,train
Z225116250,train
GoStar-gvk_125405746,train
PostEra-BEN-DND-4f474d93-1,train
ZINC1544805,train
enamine-Z16831128,train
emolecules-43765956,train
PostEra-MAT-POS-24589f88-16,train
CHEMBL120735,train
CHEMBL2106179,train
CHEMBL210618,train
GoStar-gvk_125564004,train
PostEra-EDG-MED-971238d3-5,train
CHEMBL1401624,train
GoStar-gvk_125405683,train
CHEMBL2170177,train
ZINC3956919,train
PostEra-CHO-MSK-00c5269a-4,train
enamine-Z1450941746,train
PostEra-JIN-POS-6dc588a4-9,train
PostEra-MAT-POS-c88128cb-5,train
ZINC1022020,train
PostEra-EDJ-MED-2791eece-11,train
PostEra-EDG-MED-b8f93667-6,train
PostEra-MAT-POS-fce787c2-3,train
GoStar-gvk_125391545,train
PostEra-EDJ-MED-76744c27-5,train
Z152084632,train
enamine-Z2972519499,train
PostEra-DAN-MCD-1a622181-1,train
enamine-PV-001872632176,train
PostEra-PET-UNK-d899bab6-1,train
GoStar-gvk_124984545,train
GoStar-gvk_125509699,train
PostEra-ALP-POS-ced8ea4d-12,train
CHEMBL33103,train
CHEMBL1200836,train
PostEra-MAT-POS-61f37a1a-11,train
ZINC36475212,train
PostEra-ALP-POS-c3a96089-1,train
ZINC95585814,train
CHEMBL68846,train
CHEMBL243652,train
CHEMBL2204495,train
GoStar-gvk_125468520,train
PostEra-EDJ-MED-e69ed63d-4,train
enamine-Z24549170,train
enamine-PV-001873177838,train
PostEra-LON-WEI-9739a092-8,train
24346622,train
CHEMBL1198514,train
world_drugs-ZINC000003914596,train
GoStar-gvk_125468507,train
enamine-Z2199222138,train
PostEra-MED-COV-4280ac29-37,train
emolecules-42764028,train
Kneller-HL-3-69,train
PostEra-EDJ-MED-dd2a8363-4,train
Z1560836935,train
enamine-Z1096210829,train
ZINC1549363,train
GoStar-gvk_125485590,train
GoStar-gvk_125509660,train
CHEMBL128444,train
PostEra-ALP-POS-ecbed2ba-9,train
PostEra-RAL-THA-1d44ff04-8,train
GoStar-gvk_125509700,train
PostEra-MAT-POS-1f3f1a6f-3,train
PostEra-LON-WEI-adc59df6-17,train
GoStar-gvk_125485525,train
GoStar-gvk_125563923,train
PostEra-LUO-POS-868e8996-2,train
PostEra-SAM-UNK-2684b532-12,train
PostEra-MAT-POS-f2460aef-5,train
Z2177427267,train
CHEMBL1256716,train
GoStar-gvk_125563977,train
GoStar-gvk_125547026,train
ZINC4107278,train
CHEMBL53366,train
GoStar-gvk_125436387,train
GoStar-gvk_125468600,train
Gentile-Z4921678803,train
PostEra-MAT-POS-24589f88-1,train
PostEra-MAT-POS-c7726e07-7,train
GoStar-gvk_124981998,train
CHEMBL289277,train
ZINC5425464,train
CHEMBL1369461,train
PostEra-MAT-POS-bf364d7a-3,train
GoStar-gvk_125509592,train
CHEMBL13790,train
GoStar-gvk_125468573,train
GoStar-gvk_125563947,train
ZINC43012570,train
CHEMBL980,train
PostEra-MAT-POS-5cd9ea36-13,train
PostEra-MAT-POS-78ab8081-3,train
GoStar-gvk_125468585,train
PostEra-EDJ-MED-dd2a8363-2,train
ZINC141290205,train
GoStar-gvk_125563982,train
PostEra-PEI-IMP-668afc53-2,train
GoStar-gvk_125392091,train
CHEMBL444478,train
CHEMBL296335,train
GoStar-gvk_125485579,train
GoStar-gvk_125153439,train
Kneller-HL-3-63,train
PostEra-RAL-THA-8416115c-6,train
CHEMBL492634,train
cas-184179-08-6,train
PostEra-ALP-POS-c59291d4-6,train
PostEra-RAL-THA-a9c31980-9,train
PostEra-RAL-THA-4aa06b95-1,train
PostEra-MAT-POS-1bed62cf-2,train
enamine-Z2376798694,train
PostEra-EDJ-MED-827e7cb4-7,train
ZINC391816,train
ZINC3872521,train
enamine-Z91137284,train
enamine-Z1546799992,train
GoStar-gvk_125563953,train
PostEra-LON-WEI-4d77710c-44,train
PostEra-ALP-POS-a0a4abd7-1,train
enamine-Z2407604707,train
CHEMBL2151197,train
emolecules-24424718,train
CHEMBL53418,train
PostEra-MAT-POS-3b536971-2,train
PostEra-RAL-THA-2d450e86-38,train
PostEra-ALP-POS-d9b6304e-1,train
CHEMBL4076837,train
GoStar-gvk_125563858,train
ZINC3976476,train
PostEra-ALP-POS-477dc5b7-1,train
GoStar-gvk_125564011,train
GoStar-gvk_124981498,train
PostEra-ALP-POS-c59291d4-1,train
Kitamura-17,train
GoStar-gvk_125405684,train
GoStar-gvk_125468581,train
GoStar-gvk_125468931,train
CHEMBL64979,train
GoStar-gvk_125563863,train
PostEra-ALP-UNI-c3ef0aba-3,train
enamine-Z1446431870,train
GoStar-gvk_125405689,train
6830458,train
GoStar-gvk_125436347,train
ZINC43152493,train
PostEra-MAT-POS-2e8b2191-12,train
43838718,train
GoStar-gvk_124987334,train
PostEra-EDJ-MED-6e43a462-2,train
CHEMBL4303305,train
CHEMBL1565276,train
PostEra-MAT-POS-bf364d7a-12,train
PostEra-MIK-ENA-5d9157e9-3,train
CHEMBL323556,train
enamine-Z4277722815,train
GoStar-gvk_125563830,train
PostEra-MAT-POS-f9802937-7,train
PostEra-PET-UNK-b1ef24dc-1,train
PostEra-ALP-POS-ecbed2ba-8,train
GoStar-gvk_125563803,train
emolecules-72973273,train
25560735,train
GoStar-gvk_125468639,train
CHEMBL329522,train
GoStar-gvk_124981497,train
PostEra-NIR-THE-c331be7a-2,train
CHEMBL3348956,train
GoStar-gvk_125564062,train
PostEra-EDJ-MED-ee07cf00-9,train
GoStar-gvk_125153445,train
GoStar-gvk_125509670,train
GoStar-gvk_125468551,train
Z32036878,train
GoStar-gvk_125391615,train
PostEra-ALP-POS-fe871b40-11,train
GoStar-gvk_125485536,train
Z71440505,train
emolecules-23915128,train
Z52058350,train
PostEra-MAT-POS-11b63608-1,train
CHEMBL809,train
PostEra-MAT-POS-c7726e07-8,train
CHEMBL2107818,train
GoStar-gvk_125485566,train
GoStar-gvk_125468633,train
6620361,train
ZINC34375693,train
GoStar-gvk_125493585,train
emolecules-48966415,train
CHEMBL6,train
CHEMBL1087,train
PostEra-EDG-MED-ba1ac7b9-10,train
GoStar-gvk_125468844,train
CHEMBL4170596,train
PostEra-MAT-POS-4223bc15-12,train
PostEra-MIC-UNK-91acba05-3,train
enamine-PV-002859983208,train
enamine-Z2201259302,train
CHEMBL426560,train
PostEra-LON-WEI-4d77710c-75,train
CHEMBL420311,train
GoStar-gvk_125564063,train
ZINC57494,train
GoStar-gvk_125563979,train
enamine-Z26531382,train
ZINC72316197,train
GoStar-gvk_125468823,train
GoStar-gvk_125563932,train
GoStar-gvk_125547062,train
CHEMBL3186037,train
GoStar-gvk_125563872,train
world_drugs-ZINC000001554274,train
PostEra-ALP-POS-02c6a514-9,train
GoStar-gvk_125436351,train
PostEra-MAT-POS-090737b9-1,train
PostEra-EDJ-MED-5cd3920d-6,train
ZINC43202141,train
GoStar-gvk_124982826,train
CHEMBL1200359,train
emolecules-7208326,train
708546,train
PostEra-MAT-POS-f42f3716-7,train
GoStar-gvk_125563927,train
PostEra-MAT-POS-24589f88-13,train
PostEra-CHR-SOS-7098f804-10,train
PostEra-MAT-POS-afb6844f-4,train
ZINC9293,train
PostEra-RAL-THA-2d450e86-13,train
PostEra-TRY-UNI-714a760b-19,train
PostEra-MAT-POS-24589f88-10,train
CHEMBL3633033,train
GoStar-gvk_125391837,train
enamine-PV-002821530364,train
CHEMBL1445411,train
PostEra-MAT-POS-e9e99895-13,train
PostEra-SIM-SYN-f15aaa3a-1,train
PostEra-WIL-MOD-03b86a88-6,train
GoStar-gvk_124984452,train
world_drugs-ZINC000038141706,train
5838247,train
enamine-Z13677221,train
PostEra-ALP-POS-88a7a97e-48,train
emolecules-299981750,train
GoStar-gvk_125485550,train
PostEra-MAT-POS-777f5926-2,train
Z131742602,train
GoStar-gvk_125436353,train
CHEMBL1200410,train
11765783,train
GoStar-gvk_124984210,train
10101912,train
world_drugs-ZINC000004215257,train
PostEra-EDJ-MED-12c4873b-4,train
PostEra-BEN-DND-76ad4ac9-14,train
PostEra-MAT-POS-24589f88-9,train
6569505,train
ZINC83315,train
CHEMBL1201117,train
CHEMBL449298,train
PostEra-MIK-ENA-5d9157e9-6,train
GoStar-gvk_125485515,train
PostEra-EDJ-MED-ee07cf00-16,train
ZINC198362743,train
CHEMBL1380480,train
ZINC1592424,train
Z136862336,train
PostEra-MAT-POS-3b97339c-2,train
world_drugs-ZINC000006716957,train
CHEMBL253811,train
CHEMBL1526649,train
GoStar-gvk_125391849,train
PostEra-MIC-UNK-91acba05-2,train
GoStar-gvk_125572680,train
GoStar-gvk_125392089,train
PostEra-LON-WEI-4d77710c-73,train
GoStar-gvk_124987338,train
PostEra-MED-COV-4280ac29-25,train
PostEra-EDJ-MED-976a33d5-2,train
GoStar-gvk_125564056,train
CHEMBL1215661,train
ZINC3995426,train
emolecules-43929666,train
emolecules-44670070,train
25545621,train
GoStar-gvk_125436477,train
PostEra-ALP-POS-ddb41b15-4,train
ZINC3987355,train
PostEra-BEN-DND-f2e727cd-1,train
ZINC000070466416,train
GoStar-gvk_125391575,train
GoStar-gvk_125469007,train
GoStar-gvk_125509571,train
GoStar-gvk_125564032,train
25267684,train
PostEra-EDJ-MED-50011917-1,train
PostEra-EDJ-MED-c3ea9889-5,train
PostEra-EDJ-MED-8c98ee63-1,train
enamine-Z24226179,train
ZINC169698697,train
enamine-Z30376228,train
PostEra-EDJ-MED-ee07cf00-14,train
ZINC59181534,train
Z52429590,train
CHEMBL388676,train
PostEra-EDJ-MED-eb111c00-3,train
PostEra-RAL-THA-2d450e86-17,train
PostEra-LON-WEI-babf2c61-6,train
GoStar-gvk_125563994,train
emolecules-6734947,train
emolecules-25287681,train
PostEra-ALP-POS-c3a96089-4,train
4590211,train
GoStar-gvk_125563928,train
PostEra-ALP-POS-d0876c20-1,train
GoStar-gvk_125563995,train
PostEra-STE-KUL-d79e3d6a-2,train
PostEra-EDJ-MED-be9e6f63-2,train
PostEra-MAT-POS-7ddaf7de-1,train
CHEMBL2356122,train
GoStar-gvk_125563867,train
CHEMBL605300,train
PostEra-MAT-POS-e9e99895-6,train
CHEMBL2104103,train
PostEra-MAT-POS-61f37a1a-1,train
ZINC5994,train
GoStar-gvk_125391841,train
PostEra-RAL-THA-6b94ceba-13,train
PostEra-MAT-POS-61f37a1a-9,train
CHEMBL1642655,train
PostEra-MAT-POS-9db1e783-2,train
GoStar-gvk_125509621,train
PostEra-ALP-POS-a2344586-1,train
GoStar-gvk_125563875,train
GoStar-gvk_125563913,train
Z104926054,train
PostEra-ALP-POS-305f6ec3-41,train
3172642,train
PostEra-MAT-POS-96f51285-6,train
GoStar-gvk_125563822,train
CHEMBL512351,train
GoStar-gvk_125563916,train
GoStar-gvk_125391767,train
PostEra-VLA-UNK-cf7facf1-1,train
PostEra-EDJ-MED-6bf93aa8-1,train
PostEra-EDJ-MED-12c115cc-1,train
PostEra-MAT-POS-24589f88-15,train
ZINC43208642,train
GoStar-gvk_125392163,train
GoStar-gvk_125468603,train
PostEra-MAT-POS-4223bc15-16,train
CHEMBL297453,train
PostEra-ALP-POS-95f71980-3,train
GoStar-gvk_125485528,train
CHEMBL4068896,train
PostEra-ALP-POS-ddb41b15-1,train
PostEra-RAL-THA-8416115c-13,train
GoStar-gvk_125436112,train
world_drugs-ZINC000003812842,train
enamine-Z2622501290,train
GoStar-gvk_125563922,train
CHEMBL9514,train
GoStar-gvk_125563800,train
enamine-Z25162337,train
GoStar-gvk_125468601,train
ZINC100765996,train
GoStar-gvk_124987271,train
GoStar-gvk_125563978,train
GoStar-gvk_125564053,train
GoStar-gvk_125485563,train
PostEra-BEN-BAS-c2bc0d80-6,train
CHEMBL1483877,train
PostEra-DAR-DIA-6a508060-2,train
emolecules-27250287,train
ZINC205876820,train
PostEra-MAT-POS-932d1078-4,train
CHEMBL1256772,train
GoStar-gvk_125549103,train
GoStar-gvk_125370588,train
PostEra-MAT-POS-f39f51fd-1,train
CHEMBL1591074,train
CHEMBL10878,train
PostEra-MAT-POS-5cd9ea36-6,train
CHEMBL1408862,train
PostEra-MAT-POS-90fd5f68-37,train
PostEra-MAT-POS-f42f3716-8,train
PostEra-MAT-POS-90fd5f68-38,train
CHEMBL2385132,train
PostEra-MAT-POS-90fd5f68-21,train
ZINC95537775,train
PostEra-MAT-POS-bf364d7a-11,train
GoStar-gvk_125392039,train
PostEra-EDG-MED-5d232de5-7,train
PostEra-ALP-POS-305f6ec3-38,train
ZINC19537374,train
910760,train
PostEra-MIC-UNK-50cce87d-2,train
CHEMBL3183440,train
CHEMBL1259058,train
GoStar-gvk_125468531,train
GoStar-gvk_125563838,train
CHEMBL15841,train
PostEra-MAT-POS-e9e99895-10,train
GoStar-gvk_125436333,train
PostEra-ALP-POS-ecbed2ba-14,train
GoStar-gvk_125163395,train
CHEMBL4303331,train
GoStar-gvk_125436286,train
GoStar-gvk_125509682,train
PostEra-MAT-POS-45b13633-2,train
CHEMBL3770903,train
enamine-Z4009824819,train
GoStar-gvk_125547081,train
CHEMBL1256915,train
ZINC68245534,train
GoStar-gvk_125509720,train
GoStar-gvk_125564003,train
PostEra-LON-WEI-4d77710c-69,train
PostEra-DAN-MCD-02570321-1,train
emolecules-44205414,train
PostEra-LON-WEI-9739a092-9,train
GoStar-gvk_125563955,train
CHEMBL3184132,train
GoStar-gvk_125485557,train
43966586,train
PostEra-MAT-POS-14f31916-4,train
GoStar-gvk_125547022,train
PostEra-DAN-LON-a5fc619e-8,train
enamine-Z391952026,train
CHEMBL233001,train
24425568,train
PostEra-EDG-MED-0da5ad92-7,train
ZINC2149,train
CHEMBL4303503,train
CHEMBL521179,train
PostEra-MAT-POS-806462de-1,train
emolecules-31662345,train
ZINC27109670,train
PostEra-ALP-POS-5bb456a5-7,train
ZINC3842038,train
PostEra-EDJ-MED-015fb6b4-2,train
PostEra-DAN-MCD-68a9aade-1,train
ZINC38214379,train
PostEra-MAT-POS-90fd5f68-39,train
PostEra-MAT-POS-f9802937-3,train
CHEMBL2386594,train
ZINC1533102,train
GoStar-gvk_125436367,train
PostEra-MAT-POS-78e1d523-1,train
22699652,train
GoStar-gvk_125547030,train
Z4448567384,train
PostEra-EDJ-MED-92e193ae-1,train
PostEra-MAT-POS-4223bc15-3,train
ZINC14960644,train
PostEra-JIN-POS-6dc588a4-3,train
world_drugs-ZINC000085599303,train
enamine-Z2179373054,train
PostEra-MAT-POS-22373164-3,train
GoStar-gvk_124989093,train
GoStar-gvk_125436749,train
enamine-PV-003014055844,train
PostEra-MAT-POS-c7771779-1,train
PostEra-EDJ-MED-00c1612e-1,train
Z117708632,train
PostEra-EDG-MED-ee636701-1,train
CHEMBL1190711,train
GoStar-gvk_125563980,train
ZINC100004227,train
CHEMBL4292264,train
GoStar-gvk_125153446,train
ZINC3789766,train
ZINC164392,train
48947857,train
PostEra-EDG-MED-ba1ac7b9-9,train
PostEra-EDJ-MED-e4b030d8-13,train
ZINC2540738,train
GoStar-gvk_125163399,train
CHEMBL120563,train
PostEra-MED-COV-4280ac29-33,train
PostEra-MAT-POS-bf364d7a-9,train
GoStar-gvk_125468790,train
enamine-PV-001937347218,train
ZINC12187083,train
PostEra-RAL-THA-176e263b-4,train
PostEra-MAT-POS-97ec4bd1-4,train
43872339,train
GoStar-gvk_125468556,train
PostEra-EDJ-MED-e69ed63d-2,train
PostEra-MAT-POS-97ec4bd1-1,train
PostEra-LON-WEI-4d77710c-19,train
ZINC57060,train
CHEMBL116315,train
emolecules-4787635,train
ZINC38653506,train
GoStar-gvk_125391843,train
GoStar-gvk_125468623,train
GoStar-gvk_125563911,train
PostEra-EDJ-MED-2791eece-7,train
CHEMBL444186,train
world_drugs-ZINC000035328014,train
CHEMBL521347,train
GoStar-gvk_125468833,train
GoStar-gvk_125485607,train
CHEMBL2360490,train
PostEra-BEN-DND-76ad4ac9-9,train
48930374,train
CHEMBL1486366,train
PostEra-MAT-POS-5cd9ea36-8,train
PostEra-MAT-POS-bf364d7a-2,train
GoStar-gvk_125468589,train
Kneller-HL-3-87,train
PostEra-STE-KUL-d79e3d6a-4,train
GoStar-gvk_124987265,train
CHEMBL2440869,train
CHEMBL1200586,train
GoStar-gvk_125563794,train
enamine-Z2326535144,train
GoStar-gvk_125485591,train
ZINC643138,train
GoStar-gvk_125563888,train
GoStar-gvk_125563915,train
ZINC000020533477,train
104679481,train
PostEra-EDJ-MED-12c4873b-8,train
CHEMBL941,train
world_drugs-ZINC000003951740,train
PostEra-MAT-POS-500f4700-2,train
ZINC1632,train
GoStar-gvk_125447072,train
PostEra-ALP-POS-95f71980-25,train
GoStar-gvk_125563850,train
GoStar-gvk_125563813,train
GoStar-gvk_125437347,train
PostEra-DUN-NEW-f8ce3686-22,train
GoStar-gvk_124987280,train
PostEra-PAU-WEI-5b8d5051-1,train
GoStar-gvk_125563991,train
PostEra-ALP-POS-ecbed2ba-17,train
CHEMBL208943,train
emolecules-43994615,train
104680060,train
PostEra-ALP-UNI-8e43a71e-8,train
GoStar-gvk_125468651,train
ZINC200856271,train
PostEra-EDJ-MED-e69ed63d-9,train
GoStar-gvk_125564005,train
enamine-Z28688612,train
ZINC43208643,train
chembl-CHEMBL1394417,train
CHEMBL128251,train
world_drugs-ZINC000043207566,train
CHEMBL1743261,train
PostEra-ALP-UNI-8d415491-3,train
GoStar-gvk_125563967,train
CHEMBL132752,train
GoStar-gvk_125435924,train
PostEra-EDG-MED-ba1ac7b9-15,train
GoStar-gvk_125563935,train
ZINC95930187,train
7032105,train
CHEMBL596674,train
PostEra-MAT-POS-993cdc78-1,train
PostEra-RAL-THA-a9c31980-6,train
CHEMBL1410015,train
GoStar-gvk_125563821,train
PostEra-EDG-MED-5d232de5-3,train
CHEMBL1201271,train
PostEra-MAT-POS-61f37a1a-4,train
PostEra-RAL-THA-a9c31980-1,train
CHEMBL4303312,train
GoStar-gvk_124987333,train
ZINC34781704,train
PostEra-MAT-POS-4223bc15-5,train
24424670,train
PostEra-CHO-MSK-00c5269a-1,train
emolecules-313509191,train
CHEMBL572878,train
PostEra-EDJ-MED-e69ed63d-16,train
GoStar-gvk_125509581,train
GoStar-gvk_125470071,train
GoStar-gvk_125509674,train
PostEra-MAT-POS-8695a11f-2,train
PostEra-NIR-THE-0d6461ce-8,train
emolecules-6560143,train
GoStar-gvk_125436341,train
CHEMBL344159,train
GoStar-gvk_125468549,train
ZINC1021,train
PostEra-RAL-THA-4aa06b95-7,train
PostEra-MAT-POS-6344a35d-1,train
ZINC3781942,train
world_drugs-ZINC000000896717,train
PostEra-LON-WEI-9739a092-2,train
enamine-Z2075863971,train
emolecules-4660254,train
world_drugs-ZINC000003874604,train
PostEra-CHO-MSK-00c5269a-2,train
PostEra-EDJ-MED-dac03e7f-2,train
PostEra-AGN-NEW-891393a6-1,train
ZINC1488870,train
Z117925476,train
enamine-Z2594301995,train
GoStar-gvk_125564030,train
CHEMBL9116,train
PostEra-JOR-UNI-2fc98d0b-12,train
PostEra-MAT-POS-853c0ffa-13,train
PostEra-MAT-POS-e194df51-2,train
PostEra-LON-WEI-9739a092-1,train
GoStar-gvk_125564058,train
ZINC3960083,train
PostEra-LON-WEI-babf2c61-9,train
GoStar-gvk_125468981,train
GoStar-gvk_125436397,train
GoStar-gvk_125485532,train
GoStar-gvk_125563908,train
GoStar-gvk_125485546,train
PostEra-EDG-MED-b1ef7fe3-1,train
emolecules-27362061,train
emolecules-46538627,train
enamine-Z98943321,train
PostEra-PET-UNK-c9c1e0d8-2,train
ZINC44559762,train
ZINC142824,train
emolecules-48562908,train
PostEra-EDJ-MED-bbe8e3da-2,train
GoStar-gvk_125563848,train
PostEra-ALP-POS-02c6a514-50,train
CHEMBL1161936,train
PostEra-MAT-POS-24589f88-6,train
PostEra-MAT-POS-61f37a1a-2,train
GoStar-gvk_125485585,train
GoStar-gvk_125468751,train
CHEMBL1200541,train
PostEra-RUB-POS-1325a9ea-13,train
GoStar-gvk_125485527,train
GoStar-gvk_125563897,train
Z2433330903,train
enamine-Z91109405,train
CHEMBL305187,train
PostEra-MAT-POS-4223bc15-11,train
GoStar-gvk_125563909,train
PostEra-MAT-POS-8e4737f4-1,train
PostEra-MAT-POS-dc2604c4-1,train
CHEMBL3263571,train
GoStar-gvk_124984521,train
GoStar-gvk_124987344,train
GoStar-gvk_125563866,train
PostEra-VLA-UNK-82501c2c-2,train
PostEra-LON-WEI-adc59df6-23,train
PostEra-ALP-POS-ced8ea4d-67,train
GoStar-gvk_125435796,train
world_drugs-ZINC000003830432,train
CHEMBL1616,train
GoStar-gvk_125436262,train
emolecules-25988795,train
GoStar-gvk_125436331,train
Gentile-Z4921679285,train
PostEra-DAN-MCD-e5161b06-1,train
GoStar-gvk_124984451,train
CHEMBL488803,train
PostEra-RUB-POS-1325a9ea-4,train
PostEra-MAT-POS-e194df51-1,train
PostEra-MAT-POS-ea426761-13,train
CHEMBL14642,train
Z2295968529,train
GoStar-gvk_125563939,train
GoStar-gvk_125468554,train
GoStar-gvk_125468595,train
Kitamura-31,train
PostEra-MAT-POS-0c8fa4a7-1,train
CHEMBL328560,train
PostEra-MIK-ENA-5d9157e9-2,train
PostEra-MAT-POS-1bed62cf-1,train
CHEMBL3646221,train
GoStar-gvk_125509574,train
emolecules-24424696,train
emolecules-71013335,train
PostEra-MAT-POS-90fd5f68-7,train
PostEra-PAU-UNI-8cdd41c7-1,train
PostEra-MAT-POS-c88128cb-1,train
PostEra-WIL-MOD-03b86a88-2,train
PostEra-MAK-UNK-af83ef51-2,train
CHEMBL2376648,train
GoStar-gvk_125563970,train
PostEra-MAT-POS-4223bc15-39,train
GoStar-gvk_125468851,train
CHEMBL508307,train
PostEra-ALP-POS-1cbc2fae-2,train
GoStar-gvk_125563997,train
ZINC43064519,train
PostEra-ALP-POS-6d04362c-2,train
PostEra-ALP-POS-88a7a97e-17,train
PostEra-LON-WEI-4d77710c-64,train
CHEMBL1382627,train
GoStar-gvk_125572678,train
ZINC43024000,train
PostEra-ALP-POS-95f71980-26,train
ZINC205893112,train
PostEra-EDJ-MED-611d11e7-8,train
GoStar-gvk_125392051,train
GoStar-gvk_125392187,train
PostEra-TAT-ENA-80bfd3e5-37,train
GoStar-gvk_125563962,train
PostEra-ALP-POS-b0bc6a46-19,train
PostEra-EDJ-MED-c3ea9889-4,train
PostEra-EDJ-MED-8bb691af-4,train
GoStar-gvk_124980697,train
PostEra-ALP-POS-d0876c20-21,train
PostEra-DAN-MCD-50d01569-1,train
PostEra-EDJ-MED-d1555997-1,train
PV-002925557551,train
GoStar-gvk_125564038,train
PostEra-MAT-POS-5cd9ea36-4,train
CHEMBL1200461,train
GoStar-gvk_125436640,train
PostEra-MAT-POS-fce787c2-1,train
GoStar-gvk_125493449,train
CHEMBL1908391,train
emolecules-25210118,train
world_drugs-ZINC000004096817,train
CHEMBL2171124,train
ZINC40880490,train
CHEMBL1725120,train
enamine-Z18614055,train
CHEMBL574558,train
CHEMBL1908396,train
CHEMBL1326499,train
PostEra-MAT-POS-f42f3716-1,train
enamine-Z316677406,train
ZINC68247444,train
world_drugs-ZINC000014880004,train
PostEra-EDG-MED-ba1ac7b9-27,train
CHEMBL2171474,train
PostEra-MAT-POS-5f1400cf-2,train
PostEra-MAT-POS-bfb445d4-2,train
GoStar-gvk_125564025,train
emolecules-171710883,train
GoStar-gvk_125563891,train
CHEMBL1200776,train
PostEra-DAR-DIA-fb20be43-4,train
PostEra-MAT-POS-24589f88-5,train
PostEra-MAT-POS-f7918075-8,train
CHEMBL4303710,train
GoStar-gvk_124984211,train
emolecules-10557293,train
emolecules-6507315,train
PostEra-MAT-POS-5cd9ea36-21,train
enamine-Z1515531614,train
Kitamura-6,train
CHEMBL324842,train
PostEra-MAT-POS-4223bc15-25,train
PostEra-MIK-UNK-1619f2e2-1,train
PostEra-ALP-POS-3b848b35-2,train
world_drugs-ZINC000084402690,train
35896398,train
CHEMBL1096979,train
PostEra-MAT-POS-281d2ee9-1,train
PostEra-MAT-POS-5369c344-5,train
emolecules-5852998,train
PostEra-MAT-POS-22373164-1,train
GoStar-gvk_125468510,train
Z966293736,train
PostEra-MAT-POS-5cd9ea36-20,train
CHEMBL4303376,train
CHEMBL1374426,train
ZINC1842639,train
PostEra-MAT-POS-38eb6498-3,train
Z19526294,train
GoStar-gvk_125563924,train
PostEra-MAT-POS-69786b79-3,train
1679888,train
GoStar-gvk_125391839,train
GoStar-gvk_125391869,train
PostEra-ALP-UNI-dbb9503d-2,train
PostEra-EDJ-MED-2791eece-3,train
CHEMBL3775396,train
enamine-PV-001845113515,train
GoStar-gvk_125391749,train
PostEra-MAT-POS-4223bc15-6,train
PostEra-MAT-POS-e119ab4f-1,train
GoStar-gvk_125437394,train
PostEra-EDG-MED-ba1ac7b9-16,train
GoStar-gvk_125468726,train
PostEra-ALP-POS-6d04362c-1,train
PostEra-MAT-POS-53907a1c-3,train
Z16439503,train
PostEra-EDJ-MED-4fff0a85-3,train
CHEMBL170988,train
GoStar-gvk_125547017,train
4534803,train
Z4911889571,train
CHEMBL894,train
PostEra-EDJ-MED-8bb691af-6,train
CHEMBL3182926,train
ZINC2577904,train
ZINC5776576,train
PostEra-ALP-POS-88a7a97e-37,train
GoStar-gvk_125563836,train
ZINC5823,train
enamine-PV-001791606447,train
ZINC68106498,train
PostEra-VLA-UCB-05e51b3f-10,train
GoStar-gvk_125392197,train
GoStar-gvk_125547056,train
GoStar-gvk_125563847,train
PostEra-MAT-POS-24589f88-14,train
world_drugs-ZINC000004228235,train
35907860,train
GoStar-gvk_125509708,train
ZINC1436,train
enamine-PV-001935480144,train
other-MCULE-5948770040-0,train
enamine-Z17900678,train
GoStar-gvk_125547067,train
PostEra-ALP-POS-88a7a97e-46,train
CHEMBL1076347,train
ZINC43075785,train
PostEra-ALP-POS-305f6ec3-14,train
enamine-Z2200931842,train
GoStar-gvk_125485593,train
1161709,valid
PostEra-BEN-DND-7e92b6ca-16,valid
PostEra-ALP-POS-ced8ea4d-20,valid
ZINC117445039,valid
GoStar-gvk_125563815,valid
GoStar-gvk_125468785,valid
PostEra-BEN-DND-7e92b6ca-11,valid
GoStar-gvk_125468495,valid
CHEMBL1329438,valid
GoStar-gvk_125549081,valid
PostEra-MAT-POS-e9e99895-3,valid
PostEra-EDJ-MED-e4b030d8-3,valid
GoStar-gvk_125509582,valid
GoStar-gvk_125563816,valid
GoStar-gvk_124980305,valid
GoStar-gvk_125468839,valid
GoStar-gvk_125468647,valid
GoStar-gvk_125509561,valid
PostEra-MAT-POS-de59a476-2,valid
GoStar-gvk_125468501,valid
PostEra-ALP-UNI-3735e77e-4,valid
ZINC1587,valid
GoStar-gvk_125391807,valid
PostEra-EDJ-MED-c5ca5386-1,valid
emolecules-16012292,valid
GoStar-gvk_125547071,valid
PostEra-MAR-TRE-6a44bbf2-24,valid
PostEra-ALP-POS-305f6ec3-46,valid
GoStar-gvk_125392095,valid
GoStar-gvk_125436315,valid
CHEMBL52,valid
PostEra-MAT-POS-bfd29aac-1,valid
PostEra-ALP-POS-88a7a97e-15,valid
GoStar-gvk_124981991,valid
Z920743926,valid
PostEra-MAT-POS-b4d6b7fc-5,valid
11748279,valid
PostEra-RAL-THA-a9c31980-2,valid
PostEra-MAT-POS-9ff17035-2,valid
PostEra-STU-CHA-6cae54d3-1,valid
CHEMBL2030075,valid
ZINC18710082,valid
ZINC3929486,valid
GoStar-gvk_124987337,valid
CHEMBL278172,valid
GoStar-gvk_125485530,valid
CHEMBL1614854,valid
Z27179223,valid
PostEra-EDJ-MED-76744c27-3,valid
PostEra-MAT-POS-bf364d7a-10,valid
PostEra-LON-WEI-ff7b210a-5,valid
PostEra-BEN-DND-7e92b6ca-10,valid
ZINC169341491,valid
GoStar-gvk_124987340,valid
PostEra-MAT-POS-2e8b2191-11,valid
CHEMBL86304,valid
PostEra-ALP-POS-07e1ed01-2,valid
ZINC3788,valid
CHEMBL23588,valid
CHEMBL287445,valid
PostEra-MED-COV-4280ac29-30,valid
ZINC13986811,valid
enamine-Z19656641,valid
PostEra-EDJ-MED-4fff0a85-1,valid
GoStar-gvk_125547076,valid
PostEra-LUO-POS-868e8996-10,valid
PostEra-EDJ-MED-b24713dc-2,valid
PostEra-PET-UNK-dd44aeb6-2,valid
PostEra-ALP-POS-ecbed2ba-3,valid
PV-001847295964,valid
enamine-Z26793274,valid
PostEra-BEN-DND-76ad4ac9-10,valid
CHEMBL270299,valid
enamine-Z2589478172,valid
PostEra-MIK-UNK-58cd43d0-1,valid
PostEra-ALP-POS-d054b76b-5,valid
PostEra-EDJ-MED-378a25ea-2,valid
emolecules-6102630,valid
PostEra-LUO-POS-868e8996-1,valid
Z52003417,valid
GoStar-gvk_125564034,valid
CHEMBL1449651,valid
PostEra-RAL-THA-a9c31980-8,valid
24981383,valid
Kitamura-8,valid
PostEra-DAR-DIA-5ff57136-9,valid
PostEra-EDJ-MED-2791eece-10,valid
CHEMBL1256841,valid
GoStar-gvk_125436475,valid
PostEra-MAT-POS-e6dd326d-4,valid
CHEMBL1498001,valid
PostEra-MAT-POS-24589f88-4,valid
Z235810152,valid
PostEra-EDJ-MED-4fff0a85-4,valid
CHEMBL1458713,valid
CHEMBL1200798,valid
GoStar-gvk_125392205,valid
PostEra-EDJ-MED-ede277f6-11,valid
GoStar-gvk_125509662,valid
ZINC101772465,valid
PostEra-EDJ-MED-12c4873b-2,valid
PostEra-EDJ-MED-1981ceba-2,valid
Z2475280435,valid
world_drugs-ZINC000003807172,valid
GoStar-gvk_125493447,valid
CHEMBL2104807,valid
CHEMBL3335183,valid
enamine-PV-001933411690,valid
PostEra-EDJ-MED-cf4b0d25-2,valid
GoStar-gvk_125563940,valid
CHEMBL1441661,valid
GoStar-gvk_125468664,valid
GoStar-gvk_125468740,valid
ZINC2001740,valid
GoStar-gvk_125509551,valid
ZINC96284926,valid
PostEra-MAT-POS-61f37a1a-3,valid
GoStar-gvk_125493507,valid
CHEMBL3184687,valid
PostEra-JOH-MSK-46727e7b-1,valid
enamine-Z4076484644,valid
PostEra-MAT-POS-b4d6b7fc-6,valid
GoStar-gvk_125564070,valid
CHEMBL48582,valid
ZINC22448696,valid
GoStar-gvk_125563826,valid
GoStar-gvk_125564026,valid
GoStar-gvk_125436550,valid
emolecules-16261129,valid
emolecules-27283007,valid
CHEMBL1407943,valid
ZINC1537496,valid
PostEra-LON-WEI-adc59df6-10,valid
CHEMBL2103851,valid
CHEMBL1456087,valid
PostEra-MAT-POS-e6dd326d-5,valid
PostEra-DAN-MCD-b3a5626f-1,valid
emolecules-6868180,valid
ZINC57316928,valid
GoStar-gvk_124987266,valid
PostEra-ALP-POS-ced8ea4d-19,valid
emolecules-207264829,valid
enamine-PV-000611254188,valid
PostEra-MIK-ENA-5d9157e9-4,valid
PostEra-EDJ-MED-dd2a8363-3,valid
emolecules-24433447,valid
GoStar-gvk_124984449,valid
PostEra-EDJ-MED-b774e9fe-1,valid
enamine-Z1378524433,valid
GoStar-gvk_125564044,valid
PostEra-TAT-ENA-80bfd3e5-42,valid
GoStar-gvk_125563990,valid
GoStar-gvk_125485559,valid
GoStar-gvk_125563999,valid
Z19221988,valid
Z67740692,valid
PostEra-ALP-POS-ecbed2ba-19,valid
emolecules-26451654,valid
ZINC59263715,valid
ZINC591392,valid
GoStar-gvk_125563839,valid
CHEMBL2337808,valid
GoStar-gvk_125564077,valid
enamine-Z4419052725,valid
PostEra-MAT-POS-fce787c2-4,valid
enamine-Z16329145,valid
GoStar-gvk_125392195,valid
ZINC14982453,valid
PostEra-EDJ-MED-1981ceba-3,valid
GoStar-gvk_125485552,valid
GoStar-gvk_125563886,valid
GoStar-gvk_125405680,valid
CHEMBL3218011,valid
PostEra-MIH-UNI-e573136b-5,valid
GoStar-gvk_124987279,valid
emolecules-32350115,valid
CHEMBL2398678,valid
PostEra-LUO-POS-868e8996-9,valid
PostEra-MAT-POS-61f37a1a-12,valid
4561185,valid
PostEra-RAL-THA-2d450e86-11,valid
world_drugs-ZINC000049538599,valid
GoStar-gvk_124984450,valid
CHEMBL55659,valid
world_drugs-ZINC000000537891,valid
PostEra-ALP-POS-02c6a514-44,valid
PostEra-ALP-POS-ecbed2ba-7,valid
emolecules-3156018,valid
CHEMBL1078685,valid
PostEra-EDJ-MED-12c4873b-6,valid
GoStar-gvk_125468658,valid
PostEra-MAT-POS-78e1d523-2,valid
PostEra-ALP-POS-88a7a97e-20,valid
PostEra-EDJ-MED-611d11e7-7,valid
GoStar-gvk_125468505,valid
GoStar-gvk_125493505,valid
PostEra-EDJ-MED-8bb691af-8,valid
PostEra-MAT-POS-14f31916-2,valid
PostEra-MIK-UNK-78dbf1b8-1,valid
GoStar-gvk_125391935,valid
GoStar-gvk_125468517,valid
GoStar-gvk_124987339,valid
CHEMBL408867,valid
GoStar-gvk_125468537,valid
GoStar-gvk_125564048,valid
GoStar-gvk_125468569,valid
GoStar-gvk_125509665,valid
CHEMBL1963681,valid
PostEra-MAT-POS-a5ef2d74-3,valid
ZINC35804,valid
enamine-PV-001937874824,valid
PostEra-EDJ-MED-5cd3920d-5,valid
PostEra-MAT-POS-bbbbc21a-3,valid
CHEMBL1823342,valid
PostEra-ALP-POS-4483ae88-3,valid
1731220,valid
Kitamura-18,valid
CHEMBL1200709,valid
ZINC1530703,valid
ZINC205300675,valid
enamine-Z26394334,valid
PostEra-BEN-DND-c852c98b-4,valid
GoStar-gvk_125563859,valid
PostEra-JAN-GHE-83b26c96-12,valid
PostEra-WAR-XCH-b0339bbe-19,valid
GoStar-gvk_125437438,valid
CHEMBL2180727,valid
GoStar-gvk_125563793,valid
PostEra-LON-WEI-4d77710c-11,valid
chembl-CHEMBL51085,valid
PostEra-MAT-POS-96f51285-4,valid
CHEMBL389433,valid
PostEra-ALP-POS-ce760d3f-4,valid
emolecules-44233376,valid
PostEra-MAT-POS-c88128cb-12,valid
emolecules-22057746,valid
CHEMBL64379,valid
GoStar-gvk_125563845,valid
Z112980682,valid
CHEMBL3184273,valid
CHEMBL1200935,valid
CHEMBL3827954,valid
GoStar-gvk_125485567,valid
GoStar-gvk_125563792,valid
CHEMBL345686,valid
ZINC388462,valid
GoStar-gvk_125563969,valid
PostEra-ALP-POS-ecbed2ba-12,valid
PostEra-VLA-UCB-29506327-1,valid
PostEra-ERI-UCB-d6de1f3c-2,valid
PostEra-MAT-POS-edabd372-1,valid
PostEra-EDG-MED-b1ef7fe3-4,valid
PostEra-ALP-POS-88a7a97e-40,valid
CHEMBL226652,valid
PostEra-MAT-POS-e20a5dfb-2,valid
PostEra-MAT-POS-90fd5f68-20,valid
PostEra-PET-UNK-3c72d439-1,valid
PostEra-MAT-POS-777f5926-4,valid
ZINC3872906,valid
enamine-Z335429494,valid
Z16422741,valid
ZINC3797401,valid
GoStar-gvk_125468492,valid
PostEra-LON-WEI-8f408cad-4,valid
PostEra-MAT-POS-ec6d90b7-5,valid
Kitamura-39,valid
Kitamura-20,valid
ZINC34046932,valid
CHEMBL111583,valid
PostEra-RAL-THA-2d450e86-2,valid
32494230,valid
PostEra-MAT-POS-173a45da-1,valid
world_drugs-ZINC000003815424,valid
ZINC116933276,valid
GoStar-gvk_125437196,valid
CHEMBL1475252,valid
PostEra-EDJ-MED-1981ceba-1,valid
GoStar-gvk_125468794,valid
PostEra-LON-WEI-4d77710c-32,valid
PostEra-EDJ-MED-4c7486ba-9,valid
GoStar-gvk_125391771,valid
ZINC147144800,valid
GoStar-gvk_125391943,valid
PostEra-ALP-POS-88a7a97e-32,valid
GoStar-gvk_125563827,valid
GoStar-gvk_125153447,valid
Z192585478,valid
emolecules-9840034,valid
PostEra-LON-WEI-4d77710c-10,valid
CHEMBL2169917,valid
13987632,valid
PostEra-ALP-POS-ecbed2ba-11,valid
PostEra-MAT-POS-b3e365b9-3,valid
PostEra-ALP-POS-88a7a97e-39,valid
GoStar-gvk_125549099,valid
PostEra-TRY-UNI-2eddb1ff-7,valid
Z4911889386,valid
ZINC490,valid
PostEra-PET-UNK-dd44aeb6-1,valid
ZINC174849,valid
PostEra-MAT-POS-dd3ad2b5-3,valid
emolecules-6482203,valid
GoStar-gvk_125563787,valid
CHEMBL279433,valid
ZINC19632834,valid
CHEMBL273575,valid
CHEMBL2160033,valid
Z146104972,valid
GoStar-gvk_124984448,valid
PostEra-MAT-POS-29385cc1-3,valid
PostEra-EDJ-MED-705e09b8-2,valid
enamine-Z146331414,valid
enamine-Z2232182427,valid
GoStar-gvk_125436186,valid
world_drugs-ZINC000011525121,valid
emolecules-46536758,valid
CHEMBL2354521,valid
CHEMBL2442081,valid
171822134,valid
PostEra-EDJ-MED-b24713dc-1,valid
GoStar-gvk_125563966,valid
enamine-Z80260402,valid
PostEra-ALP-POS-88a7a97e-49,valid
PostEra-DAN-MCD-c163c0bb-1,valid
PostEra-ALP-POS-02c6a514-46,valid
CHEMBL1255739,valid
PostEra-MAT-POS-ea426761-52,valid
PostEra-MAT-POS-044491d2-3,valid
PostEra-ALP-POS-88a7a97e-5,valid
ZINC943071,valid
PostEra-MAT-POS-5cd9ea36-17,valid
PostEra-LON-WEI-9739a092-6,valid
PostEra-ALP-POS-869ac754-1,valid
CHEMBL1334860,valid
PostEra-LUO-POS-868e8996-7,valid
PostEra-ALP-POS-b0bc6a46-22,valid
PostEra-MIC-UNK-91acba05-1,valid
enamine-Z2594007669,valid
GoStar-gvk_125468534,valid
CHEMBL1200493,valid
PostEra-JAN-GHE-83b26c96-8,test
GoStar-gvk_125509672,test
GoStar-gvk_125391627,test
CHEMBL2133806,test
1321130,test
CHEMBL1623,test
PostEra-MAT-POS-5cd9ea36-5,test
ZINC1780082,test
CHEMBL396298,test
emolecules-30322003,test
GoStar-gvk_125564074,test
GoStar-gvk_125436102,test
PostEra-MAT-POS-06036648-5,test
Kitamura-5,test
GoStar-gvk_125509681,test
Kitamura-40,test
GoStar-gvk_125468927,test
GoStar-gvk_125468734,test
ZINC1538900,test
PostEra-DAN-MCD-1c3944e2-1,test
world_drugs-ZINC000003918087,test
CHEMBL4072005,test
ZINC100469404,test
GoStar-gvk_125563996,test
PostEra-MAT-POS-a3f7f96a-9,test
emolecules-46511721,test
PostEra-ALP-POS-02c6a514-17,test
GoStar-gvk_125493439,test
emolecules-43839448,test
GoStar-gvk_125547033,test
PostEra-ALP-POS-ce760d3f-1,test
CHEMBL2107254,test
PostEra-MAT-POS-ee51dedd-3,test
PostEra-VLA-UCB-50c39ae8-7,test
CHEMBL372322,test
PostEra-MAT-POS-8293a91a-2,test
PostEra-MAT-POS-ee5e8e94-2,test
emolecules-26049510,test
emolecules-104670019,test
PostEra-ALP-UNI-8e43a71e-16,test
Kitamura-30,test
ZINC9407519,test
CHEMBL2106966,test
PostEra-MAT-POS-b4d6b7fc-8,test
CHEMBL2426364,test
PostEra-EDJ-MED-c3ea9889-3,test
PostEra-ALP-POS-5bb456a5-8,test
26174112,test
CHEMBL193240,test
ZINC1916,test
GoStar-gvk_125485594,test
PostEra-LON-WEI-4d77710c-65,test
11817140,test
CHEMBL2402737,test
PostEra-MAT-POS-b4d6b7fc-9,test
PostEra-TRY-UNI-714a760b-3,test
CHEMBL1017,test
GoStar-gvk_125468753,test
PostEra-EDG-MED-5d232de5-1,test
Kitamura-16,test
ZINC14299868,test
ZINC3961758,test
PostEra-KAD-UNI-80f122c8-1,test
Kitamura-3,test
enamine-PV-001951828459,test
world_drugs-ZINC000000434270,test
CHEMBL2107193,test
PostEra-ALP-POS-305f6ec3-1,test
emolecules-48962589,test
GoStar-gvk_125485580,test
GoStar-gvk_125563890,test
PostEra-BEN-DND-7e92b6ca-14,test
PostEra-MAT-POS-a13804f0-3,test
CHEMBL1234429,test
PostEra-EDJ-MED-b6c6ee2b-2,test
GoStar-gvk_125405681,test
GoStar-gvk_125436423,test
50592250,test
PostEra-EDJ-MED-c3ea9889-2,test
PostEra-ALP-POS-1cbc2fae-1,test
GoStar-gvk_125437405,test
PostEra-MAT-POS-bb423b95-1,test
CHEMBL428495,test
PostEra-EDJ-MED-e69ed63d-13,test
enamine-PV-002985619328,test
PostEra-RAL-THA-2d450e86-30,test
PV-002766000562,test
PostEra-EDJ-MED-37aac4bd-4,test
GoStar-gvk_125563834,test
PostEra-ALP-POS-ecbed2ba-6,test
PostEra-PET-UNK-29afea89-2,test
GoStar-gvk_125485595,test
ZINC1051386,test
PostEra-ERI-UCB-a0b0dbcb-12,test
GoStar-gvk_125468730,test
CHEMBL1921977,test
Kneller-HL-3-78,test
PostEra-TAT-ENA-80bfd3e5-32,test
Z4911914195,test
GoStar-gvk_125468530,test
CHEMBL2368547,test
PostEra-MAT-POS-22373164-2,test
PostEra-PET-UNK-6314f867-2,test
enamine-Z2451869502,test
PostEra-ALP-POS-88a7a97e-44,test
Z2433325669,test
enamine-Z25043198,test
PostEra-JOH-UNI-ea1df7a8-1,test
GoStar-gvk_125563926,test
CHEMBL268868,test
PostEra-LON-WEI-2e27a2e5-1,test
GoStar-gvk_125547020,test
30536096,test
PostEra-MAT-POS-e69ad64a-2,test
CHEMBL247378,test
GoStar-gvk_125437173,test
ZINC28964600,test
PostEra-ALP-POS-95f71980-24,test
Z18766758,test
PostEra-ALP-POS-b0bc6a46-24,test
CHEMBL4173833,test
PostEra-MAT-POS-f2460aef-1,test
CHEMBL2333944,test
PostEra-DAN-MCD-9cdc9f7f-1,test
6588507,test
GoStar-gvk_125563957,test
emolecules-24952035,test
PostEra-ROB-IMP-e811baff-1,test
enamine-Z2645836958,test
GoStar-gvk_125468938,test
CHEMBL7568,test
GoStar-gvk_125563985,test
PostEra-MAT-POS-90fd5f68-10,test
enamine-PV-001837015915,test
emolecules-48987694,test
CHEMBL3609372,test
PostEra-BEN-DND-76ad4ac9-13,test
CHEMBL416755,test
GoStar-gvk_125485553,test
GoStar-gvk_125391955,test
PostEra-MAT-POS-dc2604c4-3,test
GoStar-gvk_125563976,test
PostEra-EDJ-MED-968bafd9-2,test
GoStar-gvk_124984447,test
GoStar-gvk_125391805,test
PostEra-LON-WEI-8f408cad-5,test
PostEra-MAT-POS-96f51285-5,test
Z26184191,test
ZINC24117641,test
PostEra-MAT-POS-78ab8081-2,test
GoStar-gvk_125563973,test
Z25096291,test
enamine-Z19892214,test
CHEMBL3188517,test
ZINC3872123,test
GoStar-gvk_125436311,test
ZINC8035014,test
GoStar-gvk_124984212,test
PostEra-ALP-POS-88a7a97e-29,test
GoStar-gvk_125392183,test
enamine-Z4047547759,test
GoStar-gvk_125485564,test
PostEra-BEN-DND-c852c98b-10,test
enamine-PV-001935187722,test
24384819,test
PostEra-MAT-POS-fce787c2-11,test
ZINC39187976,test
GoStar-gvk_124982002,test
enamine-Z2224674122,test
GoStar-gvk_125468558,test
GoStar-gvk_125468791,test
CHEMBL3188119,test
ZINC38545,test
ZINC253387883,test
Z160683556,test
GoStar-gvk_124981496,test
PostEra-MAT-POS-c20a539d-4,test
CHEMBL1886408,test
ZINC6810181,test
PostEra-MAT-POS-e9e99895-11,test
PostEra-DAR-DIA-0587064e-12,test
GoStar-gvk_125563894,test
PostEra-DAN-MCD-3ec20f87-1,test
PostEra-EDJ-MED-41558c53-6,test
GoStar-gvk_125563802,test
PostEra-LON-WEI-4d77710c-67,test
PostEra-EDJ-MED-d9f3798e-3,test
PostEra-MAT-POS-1e5f28a7-1,test
GoStar-gvk_125485603,test
GoStar-gvk_125563823,test
GoStar-gvk_125509696,test
ZINC12370057,test
ZINC13512456,test
GoStar-gvk_125436481,test
ZINC1530939,test
GoStar-gvk_125437420,test
PostEra-MAT-POS-b3e365b9-1,test
ZINC98052567,test
ZINC37868487,test
GoStar-gvk_125437441,test
GoStar-gvk_125485570,test
44131220,test
GoStar-gvk_125485576,test
ZINC600399,test
GoStar-gvk_125436483,test
PostEra-ALP-POS-4483ae88-4,test
PostEra-MAT-POS-90fd5f68-28,test
CHEMBL2048855,test
CHEMBL4303595,test
GoStar-gvk_125564050,test
PostEra-EDJ-MED-611d11e7-12,test
emolecules-917949,test
GoStar-gvk_125564047,test
GoStar-gvk_125485569,test
GoStar-gvk_125563865,test
GoStar-gvk_125468871,test
CHEMBL24983,test
GoStar-gvk_124984213,test
PostEra-MAT-POS-dd3ad2b5-2,test
PostEra-MAT-POS-de59a476-4,test
GoStar-gvk_125493415,test
GoStar-gvk_125563900,test
CHEMBL4303622,test
PostEra-MAK-UNK-af83ef51-6,test
world_drugs-ZINC000004099009,test
43962604,test
CHEMBL2311740,test
emolecules-55721614,test
PostEra-ALP-POS-6f6ae286-1,test
PostEra-BEN-DND-c852c98b-1,test
ZINC19156872,test
PostEra-EDJ-MED-d08626de-3,test
CHEMBL1474701,test
PostEra-JOH-UNI-0e1753c1-5,test
PostEra-MIK-ENA-5d9157e9-5,test
PostEra-NIR-THE-c331be7a-1,test
enamine-Z28887704,test
world_drugs-ZINC000203757351,test
GoStar-gvk_125509624,test
PostEra-ALP-UNI-8d415491-2,test
GoStar-gvk_124979777,test
12604832,test
PostEra-LON-WEI-4d77710c-70,test
PostEra-EDJ-MED-e69ed63d-18,test
Z17969564,test
PostEra-LON-WEI-babf2c61-3,test
CHEMBL1201011,test
PostEra-MAT-POS-86c60949-2,test
PostEra-MAT-POS-fce787c2-6,test
GoStar-gvk_125485547,test
ZINC207660265,test
6932848,test
ZINC3820131,test
ZINC1544569,test
CHEMBL282093,test
PostEra-ALP-POS-c59291d4-5,test
ZINC19868747,test
PostEra-JAG-UCB-a3ef7265-20,test
emolecules-13474930,test
GoStar-gvk_124984209,test
PostEra-ALP-POS-95f71980-23,test
CHEMBL188166,test
emolecules-29605641,test
PostEra-EDJ-MED-e4b030d8-8,test
enamine-PV-001876765464,test
GoStar-gvk_125468842,test
PostEra-MAT-POS-86c60949-3,test
GoStar-gvk_125564061,test
PostEra-MAT-POS-a13804f0-4,test
PostEra-JIN-POS-6dc588a4-6,test
GoStar-gvk_125563963,test
Z126226226,test
PostEra-MAT-POS-5cd9ea36-24,test
CHEMBL1977761,test
PostEra-MAT-POS-1e0c1c67-1,test
world_drugs-ZINC000003977978,test
enamine-Z2335179278,test
PostEra-DAN-MCD-34fd4f29-1,test
CHEMBL3353408,test
GoStar-gvk_125468656,test
4204459,test
CHEMBL3903492,test
GoStar-gvk_125509694,test
ZINC77269398,test
CHEMBL1200604,test
CHEMBL258721,test
PostEra-EDJ-MED-e69ed63d-3,test
CHEMBL4211454,test
emolecules-11762750,test
PostEra-MAT-POS-a13804f0-1,test
emolecules-171949736,test
GoStar-gvk_125468731,test
PostEra-EDG-MED-5d232de5-4,test
PostEra-LON-WEI-4d77710c-8,test
PostEra-MAT-POS-4223bc15-26,test
GoStar-gvk_125468598,test
PostEra-ALP-POS-5bb456a5-1,test
Kitamura-10,test
PostEra-ALP-POS-6479a3a9-2,test
PostEra-MAT-POS-8d5af1ef-1,test
GoStar-gvk_125563968,test
ZINC8819,test
emolecules-227979022,test
PostEra-MAT-POS-90fd5f68-31,test
GoStar-gvk_125436329,test
PostEra-MAT-POS-bf364d7a-6,test
PostEra-ALP-POS-3fc1724e-1,test
ZINC34042470,test
GoStar-gvk_125468868,test
PostEra-MAT-POS-b4d6b7fc-2,test
ZINC49771282,test
PostEra-EDJ-MED-cf4b0d25-5,test
GoStar-gvk_125485545,test
ZINC3871759,test
PostEra-PEI-IMP-668afc53-1,test
Z333628124,test
PostEra-RAL-THA-6b94ceba-12,test
PostEra-ALP-POS-ecbed2ba-10,test
CHEMBL1566956,test
emolecules-36398973,test
ZINC42475,test
ZINC72317473,test
emolecules-95449909,test
GoStar-gvk_125563903,test
PostEra-MAT-POS-bf364d7a-4,test
world_drugs-ZINC000004474443,test
ZINC95616571,test
PostEra-LON-WEI-babf2c61-7,test
emolecules-1751236,test
ZINC59223284,test
PostEra-MAK-UNK-7c9d1431-9,test
ZINC1706,test
PostEra-DAN-MCD-7eba3d41-1,test
PostEra-DAN-MCD-3bfdcef2-1,test
PostEra-ALP-POS-f13221e1-3,test
GoStar-gvk_125468561,test
GoStar-gvk_125436371,test
GoStar-gvk_125500825,test
Kneller-HL-3-52,test
PostEra-MAT-POS-96f51285-3,test
